id,Q1updatedat,Q1,Q1distribution_guess1,Q1distribution_guess2,Q1distribution_guess3,Q1distribution_guess4,Q1createdat,Q2updatedat,Q2,Q2distribution_guess1,Q2distribution_guess2,Q2distribution_guess3,Q2distribution_guess4,Q2createdat,Q3updatedat,Q3,Q3distribution_guess1,Q3distribution_guess2,Q3distribution_guess3,Q3distribution_guess4,Q3createdat,Q4updatedat,Q4,Q4distribution_guess1,Q4distribution_guess2,Q4distribution_guess3,Q4distribution_guess4,Q4createdat,Q5updatedat,Q5,Q5distribution_guess1,Q5distribution_guess2,Q5distribution_guess3,Q5distribution_guess4,Q5distribution_guess5,Q5createdat,Q6updatedat,Q6,Q6distribution_guess1,Q6distribution_guess2,Q6distribution_guess3,Q6distribution_guess4,Q6distribution_guess5,Q6createdat,Q7updatedat,Q7,Q7distribution_guess1,Q7distribution_guess2,Q7distribution_guess3,Q7distribution_guess4,Q7distribution_guess5,Q7createdat,Q8updatedat,Q8,Q8distribution_guess1,Q8distribution_guess2,Q8distribution_guess3,Q8distribution_guess4,Q8distribution_guess5,Q8createdat,Q9updatedat,Q9,Q9distribution_guess1,Q9distribution_guess2,Q9distribution_guess3,Q9distribution_guess4,Q9distribution_guess5,Q9createdat,Q10updatedat,Q10,Q10distribution_guess1,Q10distribution_guess2,Q10distribution_guess3,Q10distribution_guess4,Q10createdat
23,2013-05-15 19:36:46 UTC,1,10,40,30,20,2013-05-15 19:36:46 UTC,2013-05-15 19:36:46 UTC,2,10,30,50,10,2013-05-15 19:36:46 UTC,2013-05-15 19:36:46 UTC,1,20,40,30,10,2013-05-15 19:36:46 UTC,2013-05-15 19:36:46 UTC,2,20,30,20,30,2013-05-15 19:36:46 UTC,2013-05-15 19:36:46 UTC,3,15,20,30,20,15,2013-05-15 19:36:46 UTC,2013-05-15 19:36:46 UTC,2,20,50,30,0,0,2013-05-15 19:36:46 UTC,2013-05-15 19:36:46 UTC,3,5,20,40,20,15,2013-05-15 19:36:46 UTC,2013-05-15 19:36:46 UTC,3,5,30,30,30,5,2013-05-15 19:36:46 UTC,2013-05-15 19:36:46 UTC,2,20,30,50,0,0,2013-05-15 19:36:46 UTC,2013-05-15 19:36:46 UTC,1,15,40,20,25,2013-05-15 19:36:46 UTC
24,2012-11-16 17:30:38 UTC,3,0,30,70,0,2012-11-16 17:30:38 UTC,2012-11-16 17:30:38 UTC,,,,,,2012-11-16 17:30:38 UTC,2012-11-16 17:30:39 UTC,,,,,,2012-11-16 17:30:39 UTC,2012-11-16 17:30:39 UTC,,,,,,2012-11-16 17:30:39 UTC,2012-11-16 17:30:39 UTC,,,,,,,2012-11-16 17:30:39 UTC,2012-11-16 17:30:39 UTC,,,,,,,2012-11-16 17:30:39 UTC,2012-11-16 17:30:38 UTC,,,,,,,2012-11-16 17:30:38 UTC,2012-11-16 17:30:38 UTC,,,,,,,2012-11-16 17:30:38 UTC,2012-11-16 17:30:38 UTC,,,,,,,2012-11-16 17:30:38 UTC,2012-11-16 17:30:38 UTC,,,,,,2012-11-16 17:30:38 UTC
31,2012-09-29 05:41:14 UTC,2,20,70,10,0,2012-09-29 05:41:14 UTC,2012-09-29 05:41:14 UTC,2,20,50,20,10,2012-09-29 05:41:14 UTC,2012-09-29 05:41:14 UTC,1,50,30,20,0,2012-09-29 05:41:14 UTC,2012-09-29 05:51:01 UTC,1,50,30,20,0,2012-09-29 05:41:14 UTC,2012-09-29 05:41:14 UTC,3,5,20,50,20,5,2012-09-29 05:41:14 UTC,2012-09-29 05:41:14 UTC,2,20,58,20,2,0,2012-09-29 05:41:14 UTC,2012-09-29 05:51:00 UTC,2,10,40,30,20,0,2012-09-29 05:41:13 UTC,2012-09-29 05:51:00 UTC,1,50,30,10,10,0,2012-09-29 05:41:13 UTC,2012-09-29 05:51:00 UTC,3,5,25,70,0,0,2012-09-29 05:41:13 UTC,2012-09-29 05:51:00 UTC,1,90,10,0,0,2012-09-29 05:41:13 UTC
32,2012-09-26 17:09:08 UTC,1,60,30,10,0,2012-09-26 17:09:08 UTC,2012-09-26 17:09:08 UTC,2,10,40,50,0,2012-09-26 17:09:08 UTC,2012-09-26 17:09:08 UTC,1,35,35,20,10,2012-09-26 17:09:08 UTC,2012-09-26 17:09:08 UTC,1,40,30,20,10,2012-09-26 17:09:08 UTC,2012-09-26 17:09:08 UTC,1,25,45,30,0,0,2012-09-26 17:09:08 UTC,2012-09-26 17:09:08 UTC,1,60,30,10,0,0,2012-09-26 17:09:08 UTC,2012-09-26 17:09:08 UTC,1,40,30,20,10,0,2012-09-26 17:09:08 UTC,2012-09-26 17:09:08 UTC,2,20,20,20,20,20,2012-09-26 17:09:08 UTC,2012-09-26 17:09:08 UTC,1,20,40,30,10,0,2012-09-26 17:09:08 UTC,2012-09-26 17:09:08 UTC,1,70,20,10,0,2012-09-26 17:09:08 UTC
34,2013-05-22 23:02:12 UTC,1,55,25,15,5,2013-05-22 23:02:12 UTC,2013-05-22 23:02:12 UTC,2,50,35,10,5,2013-05-22 23:02:12 UTC,2013-05-22 23:02:12 UTC,1,50,30,15,5,2013-05-22 23:02:12 UTC,2013-05-22 23:02:12 UTC,1,65,20,10,5,2013-05-22 23:02:12 UTC,2013-05-22 23:02:12 UTC,2,20,50,25,5,0,2013-05-22 23:02:12 UTC,2013-05-22 23:02:12 UTC,2,25,35,35,5,0,2013-05-22 23:02:12 UTC,2013-05-22 23:02:12 UTC,3,5,25,40,25,5,2013-05-22 23:02:12 UTC,2013-05-22 23:02:12 UTC,2,15,35,35,10,5,2013-05-22 23:02:12 UTC,2013-05-22 23:02:12 UTC,2,40,35,15,5,5,2013-05-22 23:02:12 UTC,2013-05-22 23:02:12 UTC,1,50,30,15,5,2013-05-22 23:02:12 UTC
37,2013-03-06 06:12:18 UTC,1,95,5,0,0,2013-03-06 06:12:18 UTC,2013-03-06 06:12:18 UTC,1,50,40,10,0,2013-03-06 06:12:18 UTC,2013-03-06 06:12:18 UTC,1,70,30,0,0,2013-03-06 06:12:18 UTC,2013-03-06 06:12:18 UTC,1,95,5,0,0,2013-03-06 06:12:18 UTC,2013-03-06 06:12:18 UTC,2,25,50,25,0,0,2013-03-06 06:12:18 UTC,2013-03-06 06:12:18 UTC,1,50,45,5,0,0,2013-03-06 06:12:18 UTC,2013-03-06 06:12:18 UTC,1,60,40,0,0,0,2013-03-06 06:12:18 UTC,2013-03-06 06:12:18 UTC,1,50,40,10,0,0,2013-03-06 06:12:18 UTC,2013-03-06 06:12:18 UTC,1,70,30,0,0,0,2013-03-06 06:12:18 UTC,2013-03-06 06:12:18 UTC,1,95,5,0,0,2013-03-06 06:12:18 UTC
44,2012-09-27 08:41:06 UTC,1,70,20,5,5,2012-09-27 08:41:06 UTC,2012-09-27 08:41:06 UTC,1,50,30,15,5,2012-09-27 08:41:06 UTC,2012-09-27 08:41:06 UTC,1,50,30,15,5,2012-09-27 08:41:06 UTC,2012-09-27 08:41:06 UTC,1,80,15,3,2,2012-09-27 08:41:06 UTC,2012-09-27 08:41:06 UTC,3,20,30,30,10,10,2012-09-27 08:41:06 UTC,2012-09-27 08:41:06 UTC,2,40,30,20,5,5,2012-09-27 08:41:06 UTC,2012-09-27 08:41:05 UTC,4,5,20,50,20,5,2012-09-27 08:41:05 UTC,2012-09-27 08:41:05 UTC,1,45,40,15,0,0,2012-09-27 08:41:05 UTC,2012-09-27 08:41:05 UTC,2,30,40,30,0,0,2012-09-27 08:41:05 UTC,2012-09-27 08:41:05 UTC,1,90,10,0,0,2012-09-27 08:41:05 UTC
52,2012-09-26 21:22:11 UTC,2,20,55,20,5,2012-09-26 21:22:11 UTC,2012-09-26 21:22:11 UTC,3,15,35,35,15,2012-09-26 21:22:11 UTC,2012-09-26 21:22:11 UTC,2,26,44,24,6,2012-09-26 21:22:11 UTC,2012-09-26 21:22:11 UTC,1,34,36,25,5,2012-09-26 21:22:11 UTC,2012-09-26 21:22:11 UTC,3,15,25,35,15,10,2012-09-26 21:22:11 UTC,2012-09-26 21:22:11 UTC,2,15,45,28,8,4,2012-09-26 21:22:11 UTC,2012-09-26 21:22:11 UTC,2,12,24,36,24,4,2012-09-26 21:22:11 UTC,2012-09-26 21:22:11 UTC,1,25,45,20,9,1,2012-09-26 21:22:11 UTC,2012-09-26 21:22:11 UTC,2,25,40,25,8,2,2012-09-26 21:22:11 UTC,2012-09-26 21:22:11 UTC,1,37,58,5,0,2012-09-26 21:22:11 UTC
53,2012-09-26 16:28:32 UTC,1,90,10,0,0,2012-09-26 16:28:32 UTC,2012-09-26 16:28:32 UTC,2,30,60,10,0,2012-09-26 16:28:32 UTC,2012-09-26 16:28:32 UTC,1,50,40,10,0,2012-09-26 16:28:32 UTC,2012-09-26 16:28:32 UTC,1,50,40,10,0,2012-09-26 16:28:32 UTC,2012-09-26 16:28:32 UTC,2,10,50,40,0,0,2012-09-26 16:28:32 UTC,2012-09-26 16:28:32 UTC,2,10,50,40,0,0,2012-09-26 16:28:32 UTC,2012-09-26 16:28:32 UTC,2,20,50,30,0,0,2012-09-26 16:28:32 UTC,2012-09-26 16:28:32 UTC,3,10,30,40,20,0,2012-09-26 16:28:32 UTC,2012-09-26 16:28:32 UTC,2,25,50,25,0,0,2012-09-26 16:28:32 UTC,2012-09-26 16:28:32 UTC,1,100,0,0,0,2012-09-26 16:28:32 UTC
60,2012-09-28 14:07:37 UTC,1,50,30,10,10,2012-09-28 14:07:37 UTC,2012-09-28 14:07:37 UTC,1,30,30,20,20,2012-09-28 14:07:37 UTC,2012-09-28 14:07:37 UTC,1,50,30,10,10,2012-09-28 14:07:37 UTC,2012-09-28 14:07:37 UTC,1,60,30,5,5,2012-09-28 14:07:37 UTC,2012-09-28 14:07:37 UTC,2,30,30,30,5,5,2012-09-28 14:07:37 UTC,2012-09-28 14:07:37 UTC,1,30,30,30,5,5,2012-09-28 14:07:37 UTC,2012-09-28 14:07:37 UTC,2,20,30,30,15,5,2012-09-28 14:07:37 UTC,2012-09-28 14:07:37 UTC,2,20,40,20,10,10,2012-09-28 14:07:37 UTC,2012-09-28 14:07:37 UTC,1,30,30,30,5,5,2012-09-28 14:07:37 UTC,2012-09-28 14:07:37 UTC,1,80,20,0,0,2012-09-28 14:07:37 UTC
62,2013-05-19 10:57:34 UTC,1,70,20,7,3,2013-05-19 10:57:34 UTC,2013-05-19 10:57:34 UTC,3,25,30,35,10,2013-05-19 10:57:34 UTC,2013-05-19 10:57:34 UTC,2,35,45,15,5,2013-05-19 10:57:34 UTC,2013-05-19 10:57:34 UTC,2,35,45,15,5,2013-05-19 10:57:34 UTC,2013-05-19 10:57:34 UTC,2,20,50,20,7,3,2013-05-19 10:57:34 UTC,2013-05-19 10:57:34 UTC,2,20,50,20,7,3,2013-05-19 10:57:34 UTC,2013-05-19 10:57:34 UTC,3,20,20,20,20,20,2013-05-19 10:57:34 UTC,2013-05-19 10:57:34 UTC,2,20,20,20,20,20,2013-05-19 10:57:34 UTC,2013-05-19 10:57:34 UTC,2,20,20,20,20,20,2013-05-19 10:57:34 UTC,2013-05-19 10:57:34 UTC,1,80,20,0,0,2013-05-19 10:57:34 UTC
63,2012-10-09 15:50:25 UTC,1,15,50,25,10,2012-10-09 15:50:25 UTC,2012-10-09 15:50:25 UTC,2,5,60,15,20,2012-10-09 15:50:25 UTC,2012-10-09 15:50:25 UTC,1,10,55,15,20,2012-10-09 15:50:25 UTC,2012-10-09 15:50:25 UTC,1,10,55,15,20,2012-10-09 15:50:25 UTC,2012-10-09 15:50:25 UTC,2,10,30,30,15,15,2012-10-09 15:50:25 UTC,2012-10-09 15:50:25 UTC,2,10,30,30,15,15,2012-10-09 15:50:25 UTC,2012-10-09 15:50:25 UTC,3,10,20,40,20,10,2012-10-09 15:50:25 UTC,2012-10-09 15:50:25 UTC,1,35,55,8,1,1,2012-10-09 15:50:25 UTC,2012-10-09 15:50:25 UTC,1,10,40,48,1,1,2012-10-09 15:50:25 UTC,2012-10-09 15:50:25 UTC,1,90,5,3,2,2012-10-09 15:50:25 UTC
64,2013-05-15 15:38:44 UTC,1,65,25,9,1,2013-05-15 15:38:44 UTC,2013-05-15 15:38:44 UTC,1,65,25,9,1,2013-05-15 15:38:44 UTC,2013-05-15 15:38:44 UTC,1,65,25,9,1,2013-05-15 15:38:44 UTC,2013-05-15 15:38:44 UTC,1,65,25,9,1,2013-05-15 15:38:44 UTC,2013-05-15 15:38:44 UTC,3,20,30,30,15,5,2013-05-15 15:38:44 UTC,2013-05-15 15:38:44 UTC,2,30,30,25,10,5,2013-05-15 15:38:44 UTC,2013-05-15 15:38:44 UTC,2,15,25,40,15,5,2013-05-15 15:38:44 UTC,2013-05-15 15:38:44 UTC,1,25,35,25,10,5,2013-05-15 15:38:44 UTC,2013-05-15 15:38:44 UTC,2,25,35,25,10,5,2013-05-15 15:38:44 UTC,2013-05-15 15:38:44 UTC,1,75,15,5,5,2013-05-15 15:38:44 UTC
70,2012-10-09 16:40:09 UTC,1,35,35,20,10,2012-10-09 16:40:09 UTC,2012-10-09 16:40:09 UTC,2,20,35,25,20,2012-10-09 16:40:09 UTC,2012-10-09 16:40:09 UTC,1,35,30,25,10,2012-10-09 16:40:09 UTC,2012-10-09 16:40:09 UTC,1,35,30,25,10,2012-10-09 16:40:09 UTC,2012-10-09 16:40:09 UTC,4,5,25,30,25,15,2012-10-09 16:40:09 UTC,2012-10-09 16:40:09 UTC,4,5,25,30,25,15,2012-10-09 16:40:09 UTC,2012-10-09 16:40:09 UTC,2,20,35,25,15,5,2012-10-09 16:40:09 UTC,2012-10-09 16:40:09 UTC,2,15,30,30,20,5,2012-10-09 16:40:09 UTC,2012-10-09 16:40:09 UTC,3,15,30,40,10,5,2012-10-09 16:40:09 UTC,2012-10-09 16:40:09 UTC,1,80,10,5,5,2012-10-09 16:40:09 UTC
71,2012-09-26 15:43:00 UTC,1,20,40,30,10,2012-09-26 15:43:00 UTC,2012-09-26 15:43:00 UTC,2,15,45,25,15,2012-09-26 15:43:00 UTC,2012-09-26 15:43:00 UTC,1,10,45,25,20,2012-09-26 15:43:00 UTC,2012-09-26 15:43:00 UTC,1,20,40,25,15,2012-09-26 15:43:00 UTC,2012-09-26 15:43:00 UTC,3,15,20,50,10,5,2012-09-26 15:43:00 UTC,2012-09-26 15:43:00 UTC,1,50,25,15,5,5,2012-09-26 15:43:00 UTC,2012-09-26 15:43:00 UTC,2,10,40,25,15,10,2012-09-26 15:43:00 UTC,2012-09-26 15:43:00 UTC,2,25,40,15,10,10,2012-09-26 15:43:00 UTC,2012-09-26 15:43:00 UTC,2,25,40,15,10,10,2012-09-26 15:43:00 UTC,2012-09-26 15:43:00 UTC,1,35,35,25,5,2012-09-26 15:43:00 UTC
72,2012-09-26 15:37:16 UTC,1,80,15,5,0,2012-09-26 15:37:16 UTC,2012-09-26 15:37:16 UTC,2,10,60,20,10,2012-09-26 15:37:16 UTC,2012-09-26 15:37:16 UTC,2,10,60,20,10,2012-09-26 15:37:16 UTC,2012-09-26 15:37:16 UTC,2,10,60,20,10,2012-09-26 15:37:16 UTC,2012-09-26 15:37:16 UTC,1,50,40,10,0,0,2012-09-26 15:37:16 UTC,2012-09-26 15:37:16 UTC,2,20,50,20,10,0,2012-09-26 15:37:16 UTC,2012-09-26 15:37:15 UTC,2,20,50,20,10,0,2012-09-26 15:37:15 UTC,2012-09-26 15:37:16 UTC,2,10,50,20,10,10,2012-09-26 15:37:16 UTC,2012-09-26 15:37:16 UTC,1,50,40,10,0,0,2012-09-26 15:37:16 UTC,2012-09-26 15:37:16 UTC,1,90,10,0,0,2012-09-26 15:37:16 UTC
73,2012-10-10 05:32:26 UTC,1,30,45,23,2,2012-10-10 05:32:26 UTC,2012-10-10 05:32:26 UTC,2,30,30,35,5,2012-10-10 05:32:26 UTC,2012-10-10 05:32:26 UTC,1,45,30,20,5,2012-10-10 05:32:26 UTC,2012-10-10 05:32:26 UTC,1,50,35,15,0,2012-10-10 05:32:26 UTC,2012-10-10 05:32:26 UTC,3,5,35,40,15,5,2012-10-10 05:32:26 UTC,2012-10-10 05:32:26 UTC,2,15,50,20,15,0,2012-10-10 05:32:26 UTC,2012-10-10 05:32:26 UTC,2,20,20,20,20,20,2012-10-10 05:32:26 UTC,2012-10-10 05:32:26 UTC,2,30,12,16,30,12,2012-10-10 05:32:26 UTC,2012-10-10 05:32:26 UTC,2,42,50,5,3,0,2012-10-10 05:32:26 UTC,2012-10-10 05:32:26 UTC,1,50,45,4,1,2012-10-10 05:32:26 UTC
76,2012-09-27 12:01:55 UTC,3,15,60,20,5,2012-09-27 12:01:55 UTC,2012-09-27 12:01:55 UTC,4,5,30,50,15,2012-09-27 12:01:55 UTC,2012-09-27 12:01:55 UTC,4,5,25,55,15,2012-09-27 12:01:55 UTC,2012-09-27 12:01:55 UTC,2,20,50,25,5,2012-09-27 12:01:55 UTC,2012-09-27 12:01:55 UTC,3,0,15,70,15,0,2012-09-27 12:01:55 UTC,2012-09-27 12:01:55 UTC,4,0,10,25,30,35,2012-09-27 12:01:55 UTC,2012-09-27 12:01:55 UTC,3,5,20,50,20,5,2012-09-27 12:01:55 UTC,2012-09-27 12:01:55 UTC,3,10,25,45,20,0,2012-09-27 12:01:55 UTC,2012-09-27 12:01:55 UTC,3,10,30,45,15,0,2012-09-27 12:01:55 UTC,2012-09-27 12:01:55 UTC,2,15,55,25,5,2012-09-27 12:01:55 UTC
81,2013-06-26 16:15:22 UTC,4,10,50,30,10,2013-06-26 16:15:22 UTC,2013-06-26 16:15:22 UTC,2,20,50,20,10,2013-06-26 16:15:22 UTC,2013-06-26 16:15:22 UTC,2,10,60,20,10,2013-06-26 16:15:22 UTC,2013-06-26 16:15:22 UTC,1,30,30,30,10,2013-06-26 16:15:22 UTC,2013-06-26 16:15:22 UTC,4,10,20,20,40,10,2013-06-26 16:15:22 UTC,2013-06-26 16:15:22 UTC,3,10,20,30,20,20,2013-06-26 16:15:22 UTC,2013-06-26 16:15:22 UTC,3,10,0,70,0,20,2013-06-26 16:15:22 UTC,2013-06-26 16:15:22 UTC,1,30,30,10,10,20,2013-06-26 16:15:22 UTC,2013-06-26 16:15:22 UTC,1,30,30,30,10,0,2013-06-26 16:15:22 UTC,2013-06-26 16:15:22 UTC,1,45,25,15,15,2013-06-26 16:15:22 UTC
84,2012-10-01 20:41:23 UTC,1,40,30,20,10,2012-10-01 20:41:23 UTC,2012-10-01 20:41:23 UTC,2,10,40,30,20,2012-10-01 20:41:23 UTC,2012-10-01 20:41:23 UTC,1,30,50,10,10,2012-10-01 20:41:23 UTC,2012-10-01 20:41:23 UTC,1,70,20,10,0,2012-10-01 20:41:23 UTC,2012-10-01 20:41:23 UTC,3,10,20,50,15,5,2012-10-01 20:41:23 UTC,2012-10-01 20:41:23 UTC,1,50,30,20,0,0,2012-10-01 20:41:23 UTC,2012-10-01 20:41:23 UTC,1,70,20,10,0,0,2012-10-01 20:41:23 UTC,2012-10-01 20:41:23 UTC,1,60,30,10,0,0,2012-10-01 20:41:23 UTC,2012-10-01 20:41:23 UTC,2,20,40,40,0,0,2012-10-01 20:41:23 UTC,2012-10-01 20:41:23 UTC,1,70,20,10,0,2012-10-01 20:41:23 UTC
95,2013-06-26 16:08:38 UTC,1,65,30,3,2,2013-06-26 16:08:38 UTC,2013-06-26 16:08:38 UTC,1,65,30,3,2,2013-06-26 16:08:38 UTC,2013-06-26 16:08:38 UTC,1,75,20,3,2,2013-06-26 16:08:38 UTC,2013-06-26 16:08:38 UTC,1,75,20,3,2,2013-06-26 16:08:38 UTC,2013-06-26 16:08:38 UTC,2,10,85,3,1,1,2013-06-26 16:08:38 UTC,2013-06-26 16:08:38 UTC,1,30,65,3,1,1,2013-06-26 16:08:38 UTC,2013-06-26 16:08:38 UTC,1,30,65,3,1,1,2013-06-26 16:08:38 UTC,2013-06-26 16:08:38 UTC,2,20,70,5,3,2,2013-06-26 16:08:38 UTC,2013-06-26 16:08:38 UTC,2,30,60,5,3,2,2013-06-26 16:08:38 UTC,2013-06-26 16:08:38 UTC,1,80,15,3,2,2013-06-26 16:08:38 UTC
101,2013-06-26 16:04:00 UTC,1,65,30,5,0,2013-06-26 16:04:00 UTC,2013-06-26 16:04:00 UTC,2,30,45,20,5,2013-06-26 16:04:00 UTC,2013-06-26 16:04:00 UTC,1,30,50,10,10,2013-06-26 16:04:00 UTC,2013-06-26 16:04:00 UTC,1,60,30,5,5,2013-06-26 16:04:00 UTC,2013-06-26 16:04:00 UTC,4,5,5,60,15,15,2013-06-26 16:04:00 UTC,2013-06-26 16:04:00 UTC,5,40,20,20,10,10,2013-06-26 16:04:00 UTC,2013-06-26 16:04:00 UTC,1,40,40,10,5,5,2013-06-26 16:04:00 UTC,2013-06-26 16:04:00 UTC,3,20,20,20,20,20,2013-06-26 16:04:00 UTC,2013-06-26 16:04:00 UTC,2,30,40,30,0,0,2013-06-26 16:04:00 UTC,2013-06-26 16:04:00 UTC,1,85,15,0,0,2013-06-26 16:04:00 UTC
104,2013-05-15 17:55:43 UTC,1,30,50,15,5,2013-05-15 17:55:43 UTC,2013-05-15 17:55:43 UTC,3,5,40,40,15,2013-05-15 17:55:43 UTC,2013-05-15 17:55:43 UTC,2,30,50,15,5,2013-05-15 17:55:43 UTC,2013-05-15 17:55:43 UTC,2,20,60,15,5,2013-05-15 17:55:43 UTC,2013-05-15 17:55:43 UTC,3,10,30,50,10,0,2013-05-15 17:55:43 UTC,2013-05-15 17:55:43 UTC,2,25,50,20,5,0,2013-05-15 17:55:43 UTC,2013-05-15 17:55:43 UTC,2,25,35,25,10,5,2013-05-15 17:55:43 UTC,2013-05-15 17:55:43 UTC,3,5,20,50,20,5,2013-05-15 17:55:43 UTC,2013-05-15 17:55:43 UTC,1,20,40,40,0,0,2013-05-15 17:55:43 UTC,2013-05-15 17:55:43 UTC,1,97,1,1,1,2013-05-15 17:55:43 UTC
105,2013-05-15 19:05:29 UTC,1,20,50,20,10,2013-05-15 19:05:29 UTC,2013-05-15 19:05:29 UTC,1,10,40,40,10,2013-05-15 19:05:29 UTC,2013-05-15 19:05:29 UTC,1,10,20,40,30,2013-05-15 19:05:29 UTC,2013-05-15 19:05:29 UTC,1,50,30,10,10,2013-05-15 19:05:29 UTC,2013-05-15 19:05:29 UTC,3,10,20,40,20,10,2013-05-15 19:05:29 UTC,2013-05-15 19:05:29 UTC,1,20,50,10,10,10,2013-05-15 19:05:29 UTC,2013-05-15 19:05:29 UTC,2,10,30,45,10,5,2013-05-15 19:05:29 UTC,2013-05-15 19:05:29 UTC,3,10,20,40,20,10,2013-05-15 19:05:29 UTC,2013-05-15 19:05:29 UTC,1,20,30,30,20,0,2013-05-15 19:05:29 UTC,2013-05-15 19:05:29 UTC,1,60,30,5,5,2013-05-15 19:05:29 UTC
109,2012-10-09 15:56:32 UTC,2,32,40,20,8,2012-10-09 15:56:32 UTC,2012-10-09 15:56:32 UTC,2,11,48,31,10,2012-10-09 15:56:32 UTC,2012-10-09 15:56:32 UTC,2,8,41,35,16,2012-10-09 15:56:32 UTC,2012-10-09 15:56:32 UTC,2,25,43,22,10,2012-10-09 15:56:32 UTC,2012-10-09 15:56:32 UTC,4,1,5,20,50,24,2012-10-09 15:56:32 UTC,2012-10-09 15:56:32 UTC,3,5,25,50,15,5,2012-10-09 15:56:32 UTC,2012-10-09 15:56:32 UTC,4,8,8,24,50,10,2012-10-09 15:56:32 UTC,2012-10-09 15:56:32 UTC,2,18,29,22,19,12,2012-10-09 15:56:32 UTC,2012-10-09 15:56:32 UTC,3,9,43,44,2,2,2012-10-09 15:56:32 UTC,2012-10-09 15:56:32 UTC,1,76,20,2,2,2012-10-09 15:56:32 UTC
112,2012-10-13 06:25:13 UTC,1,30,50,15,5,2012-10-13 06:25:13 UTC,2012-10-13 06:25:13 UTC,2,10,40,40,10,2012-10-13 06:25:13 UTC,2012-10-13 06:25:13 UTC,1,25,50,25,0,2012-10-13 06:25:13 UTC,2012-10-13 06:25:13 UTC,1,20,70,10,0,2012-10-13 06:25:13 UTC,2012-10-13 06:25:13 UTC,3,5,25,50,15,5,2012-10-13 06:25:13 UTC,2012-10-13 06:25:13 UTC,4,10,40,20,20,10,2012-10-13 06:25:13 UTC,2012-10-13 06:25:12 UTC,3,5,30,35,30,0,2012-10-13 06:25:12 UTC,2012-10-13 06:25:12 UTC,2,30,30,30,10,0,2012-10-13 06:25:12 UTC,2012-10-13 06:25:12 UTC,3,10,35,55,0,0,2012-10-13 06:25:12 UTC,2012-10-13 06:25:13 UTC,1,80,15,5,0,2012-10-13 06:25:13 UTC
114,2012-09-26 19:57:20 UTC,1,80,10,10,0,2012-09-26 19:57:20 UTC,2012-09-26 19:57:20 UTC,2,10,60,20,10,2012-09-26 19:57:20 UTC,2012-09-26 19:57:20 UTC,2,20,60,20,0,2012-09-26 19:57:20 UTC,2012-09-26 19:57:20 UTC,1,70,20,5,5,2012-09-26 19:57:20 UTC,2012-09-26 19:57:20 UTC,3,10,30,50,10,0,2012-09-26 19:57:20 UTC,2012-09-26 19:57:20 UTC,2,10,60,30,0,0,2012-09-26 19:57:20 UTC,2012-09-26 19:57:20 UTC,3,20,20,50,10,0,2012-09-26 19:57:20 UTC,2012-09-26 19:57:20 UTC,3,10,30,50,10,0,2012-09-26 19:57:20 UTC,2012-09-26 19:57:20 UTC,2,30,50,20,0,0,2012-09-26 19:57:20 UTC,2012-09-26 19:57:20 UTC,1,90,10,0,0,2012-09-26 19:57:20 UTC
119,2012-09-26 16:39:33 UTC,1,88,9,2,1,2012-09-26 16:39:33 UTC,2012-09-26 16:39:33 UTC,2,35,49,15,1,2012-09-26 16:39:33 UTC,2012-09-26 16:39:33 UTC,1,65,30,5,0,2012-09-26 16:39:33 UTC,2012-09-26 16:39:33 UTC,1,55,35,9,1,2012-09-26 16:39:33 UTC,2012-09-26 16:39:33 UTC,3,10,35,35,15,5,2012-09-26 16:39:33 UTC,2012-09-26 16:39:33 UTC,2,30,50,15,4,1,2012-09-26 16:39:33 UTC,2012-09-26 16:39:33 UTC,3,20,38,25,15,2,2012-09-26 16:39:33 UTC,2012-09-26 16:39:33 UTC,2,25,45,20,9,1,2012-09-26 16:39:33 UTC,2012-09-26 16:39:33 UTC,1,50,35,14,1,0,2012-09-26 16:39:33 UTC,2012-09-26 16:39:33 UTC,1,95,3,1,1,2012-09-26 16:39:33 UTC
129,2012-09-26 16:27:31 UTC,2,20,50,20,10,2012-09-26 16:27:31 UTC,2012-09-26 16:27:31 UTC,2,20,50,20,10,2012-09-26 16:27:31 UTC,2012-09-26 16:27:31 UTC,2,20,40,25,15,2012-09-26 16:27:31 UTC,2012-09-26 16:27:31 UTC,1,50,30,15,5,2012-09-26 16:27:31 UTC,2012-09-26 16:27:31 UTC,3,10,20,40,20,10,2012-09-26 16:27:31 UTC,2012-09-26 16:27:31 UTC,2,20,35,25,15,5,2012-09-26 16:27:31 UTC,2012-09-26 16:27:31 UTC,2,20,30,20,15,15,2012-09-26 16:27:31 UTC,2012-09-26 16:27:31 UTC,2,25,35,20,15,5,2012-09-26 16:27:31 UTC,2012-09-26 16:27:31 UTC,3,25,30,25,15,5,2012-09-26 16:27:31 UTC,2012-09-26 16:27:31 UTC,1,40,40,15,5,2012-09-26 16:27:31 UTC
131,2012-09-30 02:03:33 UTC,4,60,30,5,5,2012-09-30 02:03:33 UTC,2012-09-30 02:03:33 UTC,4,50,25,15,10,2012-09-30 02:03:33 UTC,2012-09-30 02:03:33 UTC,4,50,25,15,10,2012-09-30 02:03:33 UTC,2012-09-30 02:03:33 UTC,4,50,25,15,10,2012-09-30 02:03:33 UTC,2012-09-30 02:03:33 UTC,3,10,20,40,20,10,2012-09-30 02:03:33 UTC,2012-09-30 02:03:33 UTC,1,70,20,5,3,2,2012-09-30 02:03:33 UTC,2012-09-30 02:03:33 UTC,3,10,20,40,20,10,2012-09-30 02:03:33 UTC,2012-09-30 02:03:33 UTC,3,10,20,40,20,10,2012-09-30 02:03:33 UTC,2012-09-30 02:03:33 UTC,3,10,20,40,20,10,2012-09-30 02:03:33 UTC,2012-09-30 02:03:33 UTC,1,80,10,5,5,2012-09-30 02:03:33 UTC
134,2012-10-05 03:50:52 UTC,1,40,50,8,2,2012-10-05 03:50:52 UTC,2012-10-05 03:50:52 UTC,1,30,40,20,10,2012-10-05 03:50:52 UTC,2012-10-05 03:50:52 UTC,2,20,40,30,10,2012-10-05 03:50:52 UTC,2012-10-05 03:50:52 UTC,1,60,30,10,0,2012-10-05 03:50:52 UTC,2012-10-05 03:50:52 UTC,3,10,20,40,20,10,2012-10-05 03:50:52 UTC,2012-10-05 03:50:52 UTC,4,10,20,20,30,20,2012-10-05 03:50:52 UTC,2012-10-05 03:50:52 UTC,3,20,20,20,20,20,2012-10-05 03:50:52 UTC,2012-10-05 03:50:52 UTC,2,20,30,30,20,0,2012-10-05 03:50:52 UTC,2012-10-05 03:50:52 UTC,2,30,40,30,0,0,2012-10-05 03:50:52 UTC,2012-10-05 03:50:52 UTC,1,70,20,8,2,2012-10-05 03:50:52 UTC
139,2013-05-16 19:19:59 UTC,2,20,40,20,20,2013-05-16 19:19:59 UTC,2013-05-16 19:20:00 UTC,,,,,,2013-05-16 19:20:00 UTC,2013-05-16 19:20:00 UTC,2,10,30,30,30,2013-05-16 19:20:00 UTC,2013-05-16 19:20:00 UTC,2,10,20,40,30,2013-05-16 19:20:00 UTC,2013-05-16 19:20:00 UTC,,,,,,,2013-05-16 19:20:00 UTC,2013-05-16 19:20:00 UTC,,,,,,,2013-05-16 19:20:00 UTC,2013-05-16 19:19:59 UTC,,,,,,,2013-05-16 19:19:59 UTC,2013-05-16 19:19:59 UTC,2,20,40,30,10,0,2013-05-16 19:19:59 UTC,2013-05-16 19:19:59 UTC,,,,,,,2013-05-16 19:19:59 UTC,2013-05-16 19:19:59 UTC,1,30,50,15,5,2013-05-16 19:19:59 UTC
144,2012-09-26 15:45:24 UTC,1,25,65,8,2,2012-09-26 15:45:24 UTC,2012-09-26 15:45:24 UTC,2,15,70,12,3,2012-09-26 15:45:24 UTC,2012-09-26 15:45:24 UTC,1,20,70,8,2,2012-09-26 15:45:24 UTC,2012-09-26 15:45:25 UTC,1,20,70,8,2,2012-09-26 15:45:25 UTC,2012-09-26 15:45:25 UTC,4,2,5,30,40,23,2012-09-26 15:45:25 UTC,2012-09-26 15:45:25 UTC,4,2,10,20,35,33,2012-09-26 15:45:25 UTC,2012-09-26 15:45:24 UTC,1,30,20,35,13,2,2012-09-26 15:45:24 UTC,2012-09-26 15:45:24 UTC,4,,,,,,2012-09-26 15:45:24 UTC,2012-09-26 15:45:24 UTC,1,40,30,30,0,0,2012-09-26 15:45:24 UTC,2012-09-26 15:45:24 UTC,1,90,7,2,1,2012-09-26 15:45:24 UTC
145,2012-09-26 16:18:07 UTC,4,20,55,20,5,2012-09-26 16:18:07 UTC,2012-09-26 16:18:07 UTC,4,15,60,20,5,2012-09-26 16:18:07 UTC,2012-09-26 16:18:07 UTC,4,15,55,20,10,2012-09-26 16:18:07 UTC,2012-09-26 16:18:07 UTC,4,20,60,15,5,2012-09-26 16:18:07 UTC,2013-03-04 18:33:24 UTC,3,10,40,35,12,3,2012-09-26 16:18:07 UTC,2013-03-04 18:33:24 UTC,3,20,45,30,5,0,2012-09-26 16:18:07 UTC,2012-09-26 16:18:06 UTC,3,20,45,20,12,3,2012-09-26 16:18:06 UTC,2012-09-26 16:18:06 UTC,2,40,40,15,5,0,2012-09-26 16:18:06 UTC,2012-09-26 16:18:07 UTC,3,25,50,20,4,1,2012-09-26 16:18:07 UTC,2012-09-26 16:18:07 UTC,2,65,25,8,2,2012-09-26 16:18:07 UTC
148,2013-02-28 16:41:48 UTC,3,20,40,30,10,2013-02-28 16:41:48 UTC,2013-02-28 16:41:48 UTC,3,20,40,30,10,2013-02-28 16:41:48 UTC,2013-02-28 16:41:48 UTC,3,20,40,30,10,2013-02-28 16:41:48 UTC,2013-02-28 16:41:48 UTC,3,20,40,30,10,2013-02-28 16:41:48 UTC,2013-02-28 16:41:48 UTC,2,10,45,25,15,5,2013-02-28 16:41:48 UTC,2013-02-28 16:41:48 UTC,1,35,45,15,5,0,2013-02-28 16:41:48 UTC,2013-02-28 16:41:48 UTC,2,35,45,15,5,0,2013-02-28 16:41:48 UTC,2013-02-28 16:41:48 UTC,2,20,45,30,5,0,2013-02-28 16:41:48 UTC,2013-02-28 16:41:48 UTC,3,20,45,30,5,0,2013-02-28 16:41:48 UTC,2013-02-28 16:41:48 UTC,2,35,45,15,5,2013-02-28 16:41:48 UTC
155,2012-09-26 17:38:30 UTC,1,75,20,5,0,2012-09-26 17:38:30 UTC,2012-09-26 17:38:30 UTC,2,25,50,25,0,2012-09-26 17:38:30 UTC,2012-09-26 17:38:30 UTC,2,15,75,7,3,2012-09-26 17:38:30 UTC,2012-09-26 17:38:30 UTC,1,90,7,3,0,2012-09-26 17:38:30 UTC,2012-09-26 17:38:30 UTC,2,25,50,25,0,0,2012-09-26 17:38:30 UTC,2012-09-26 17:38:30 UTC,1,80,15,5,0,0,2012-09-26 17:38:30 UTC,2012-09-26 17:38:30 UTC,1,90,10,0,0,0,2012-09-26 17:38:30 UTC,2012-09-26 17:38:30 UTC,2,30,30,30,10,0,2012-09-26 17:38:30 UTC,2012-09-26 17:38:30 UTC,1,70,20,10,0,0,2012-09-26 17:38:30 UTC,2012-09-26 17:38:30 UTC,1,95,5,0,0,2012-09-26 17:38:30 UTC
160,2012-09-26 23:52:18 UTC,1,70,25,5,0,2012-09-26 23:52:18 UTC,2012-09-26 23:52:18 UTC,2,25,55,10,10,2012-09-26 23:52:18 UTC,2012-09-26 23:52:18 UTC,1,55,35,10,0,2012-09-26 23:52:18 UTC,2012-09-26 23:52:18 UTC,1,65,25,10,0,2012-09-26 23:52:18 UTC,2012-09-26 23:52:18 UTC,3,10,15,50,15,10,2012-09-26 23:52:18 UTC,2012-09-26 23:52:18 UTC,2,10,65,25,0,0,2012-09-26 23:52:18 UTC,2012-09-26 23:52:18 UTC,2,17,66,17,0,0,2012-09-26 23:52:18 UTC,2012-09-26 23:52:18 UTC,3,0,0,100,0,0,2012-09-26 23:52:18 UTC,2012-09-26 23:52:18 UTC,2,30,50,20,0,0,2012-09-26 23:52:18 UTC,2012-09-26 23:52:18 UTC,1,100,0,0,0,2012-09-26 23:52:18 UTC
162,2012-09-26 19:24:21 UTC,1,90,10,0,0,2012-09-26 19:24:21 UTC,2012-09-26 19:24:21 UTC,,,,,,2012-09-26 19:24:21 UTC,2012-09-26 19:24:21 UTC,,,,,,2012-09-26 19:24:21 UTC,2012-09-26 19:24:21 UTC,2,70,30,0,0,2012-09-26 19:24:21 UTC,2012-09-26 19:24:21 UTC,,,,,,,2012-09-26 19:24:21 UTC,2012-09-26 19:24:21 UTC,,,,,,,2012-09-26 19:24:21 UTC,2012-09-26 19:24:21 UTC,,,,,,,2012-09-26 19:24:21 UTC,2012-09-26 19:24:21 UTC,,,,,,,2012-09-26 19:24:21 UTC,2012-09-26 19:24:21 UTC,,,,,,,2012-09-26 19:24:21 UTC,2012-09-26 19:24:21 UTC,1,99,1,0,0,2012-09-26 19:24:21 UTC
164,2012-11-15 17:31:54 UTC,1,30,55,15,0,2012-11-15 17:31:54 UTC,2012-11-15 17:31:54 UTC,1,25,50,20,5,2012-11-15 17:31:54 UTC,2012-11-15 17:31:54 UTC,1,35,55,10,0,2012-11-15 17:31:54 UTC,2012-11-15 17:31:54 UTC,1,40,40,20,0,2012-11-15 17:31:54 UTC,2012-11-15 17:31:54 UTC,3,20,25,30,20,5,2012-11-15 17:31:54 UTC,2012-11-15 17:31:54 UTC,3,10,15,50,25,0,2012-11-15 17:31:54 UTC,2012-11-15 17:31:54 UTC,4,10,20,30,35,5,2012-11-15 17:31:54 UTC,2012-11-15 17:31:54 UTC,2,15,35,20,15,15,2012-11-15 17:31:54 UTC,2012-11-15 17:31:54 UTC,3,20,35,45,0,0,2012-11-15 17:31:54 UTC,2012-11-15 17:31:54 UTC,1,70,20,10,0,2012-11-15 17:31:54 UTC
165,2013-05-16 17:18:08 UTC,1,50,40,5,5,2013-05-16 17:18:08 UTC,2013-05-16 17:18:08 UTC,2,20,40,30,10,2013-05-16 17:18:08 UTC,2013-05-16 17:18:08 UTC,2,25,45,25,5,2013-05-16 17:18:08 UTC,2013-05-16 17:18:08 UTC,1,70,25,4,1,2013-05-16 17:18:08 UTC,2013-05-16 17:18:08 UTC,3,10,30,50,5,5,2013-05-16 17:18:08 UTC,2013-05-16 17:18:08 UTC,2,20,50,20,10,0,2013-05-16 17:18:08 UTC,2013-05-16 17:18:08 UTC,3,20,30,20,20,10,2013-05-16 17:18:08 UTC,2013-05-16 17:18:08 UTC,2,30,50,20,0,0,2013-05-16 17:18:08 UTC,2013-05-16 17:18:08 UTC,2,40,30,30,0,0,2013-05-16 17:18:08 UTC,2013-05-16 17:18:08 UTC,1,85,10,3,2,2013-05-16 17:18:08 UTC
172,2013-05-15 15:53:07 UTC,1,10,40,30,20,2013-05-15 15:53:07 UTC,2013-05-15 15:53:07 UTC,2,5,45,40,10,2013-05-15 15:53:07 UTC,2013-05-15 15:53:07 UTC,3,10,30,40,20,2013-05-15 15:53:07 UTC,2013-05-15 15:53:07 UTC,2,20,30,30,20,2013-05-15 15:53:07 UTC,2013-05-15 15:53:07 UTC,2,5,30,30,30,5,2013-05-15 15:53:07 UTC,2013-05-15 15:53:07 UTC,1,10,40,20,15,15,2013-05-15 15:53:07 UTC,2013-05-15 15:53:06 UTC,2,5,40,30,20,5,2013-05-15 15:53:06 UTC,2013-05-15 15:53:06 UTC,3,5,40,40,10,5,2013-05-15 15:53:06 UTC,2013-05-15 15:53:06 UTC,1,20,40,20,10,10,2013-05-15 15:53:06 UTC,2013-05-15 15:53:06 UTC,2,15,40,30,15,2013-05-15 15:53:06 UTC
174,2012-11-15 17:13:47 UTC,1,30,50,17,3,2012-11-15 17:13:47 UTC,2012-11-15 17:13:47 UTC,1,10,60,20,10,2012-11-15 17:13:47 UTC,2012-11-15 17:13:47 UTC,1,20,60,15,5,2012-11-15 17:13:47 UTC,2012-11-15 17:13:47 UTC,2,10,40,30,20,2012-11-15 17:13:47 UTC,2012-11-15 17:13:47 UTC,4,10,20,35,20,15,2012-11-15 17:13:47 UTC,2012-11-15 17:13:47 UTC,1,60,25,10,5,0,2012-11-15 17:13:47 UTC,2012-11-15 17:13:46 UTC,2,10,50,20,15,5,2012-11-15 17:13:46 UTC,2012-11-15 17:13:46 UTC,3,30,50,15,5,0,2012-11-15 17:13:46 UTC,2012-11-15 17:13:46 UTC,3,20,40,30,10,0,2012-11-15 17:13:46 UTC,2012-11-15 17:13:47 UTC,1,50,30,15,5,2012-11-15 17:13:47 UTC
175,2013-03-05 00:48:28 UTC,1,80,10,10,0,2012-09-26 18:45:19 UTC,2012-09-26 18:45:19 UTC,2,30,30,30,10,2012-09-26 18:45:19 UTC,2012-09-26 18:45:19 UTC,2,30,30,30,10,2012-09-26 18:45:19 UTC,2013-03-05 00:48:28 UTC,1,55,30,10,5,2012-09-26 18:45:19 UTC,2013-03-05 00:48:28 UTC,3,0,5,90,5,0,2012-09-26 18:45:19 UTC,2013-03-05 00:48:28 UTC,2,30,50,20,0,0,2012-09-26 18:45:19 UTC,2013-03-05 00:48:28 UTC,2,5,50,40,5,0,2012-09-26 18:45:19 UTC,2013-03-05 00:48:28 UTC,2,20,60,20,0,0,2012-09-26 18:45:19 UTC,2013-03-05 00:48:28 UTC,3,10,35,50,5,0,2012-09-26 18:45:19 UTC,2013-03-05 00:48:28 UTC,1,90,10,0,0,2012-09-26 18:45:19 UTC
176,2012-11-15 19:26:27 UTC,1,60,20,15,5,2012-11-15 19:26:27 UTC,2012-11-15 19:26:27 UTC,2,60,25,10,5,2012-11-15 19:26:27 UTC,2012-11-15 19:26:27 UTC,2,80,10,5,5,2012-11-15 19:26:27 UTC,2012-11-15 19:26:27 UTC,3,40,30,20,10,2012-11-15 19:26:27 UTC,2012-11-15 19:26:27 UTC,2,20,25,30,20,5,2012-11-15 19:26:27 UTC,2012-11-15 19:26:27 UTC,1,40,25,25,5,5,2012-11-15 19:26:27 UTC,2012-11-15 19:26:27 UTC,1,70,20,4,4,2,2012-11-15 19:26:27 UTC,2012-11-15 19:26:27 UTC,4,20,30,10,10,30,2012-11-15 19:26:27 UTC,2012-11-15 19:26:27 UTC,2,20,30,30,10,10,2012-11-15 19:26:27 UTC,2012-11-15 19:26:27 UTC,1,70,20,5,5,2012-11-15 19:26:27 UTC
180,2012-09-26 19:54:30 UTC,1,10,65,20,5,2012-09-26 19:54:30 UTC,2012-09-26 19:54:30 UTC,1,5,45,35,15,2012-09-26 19:54:30 UTC,2012-09-26 19:54:30 UTC,1,10,50,30,10,2012-09-26 19:54:30 UTC,2012-09-26 19:54:30 UTC,1,25,50,20,5,2012-09-26 19:54:30 UTC,2012-09-26 19:54:30 UTC,4,4,10,60,25,1,2012-09-26 19:54:30 UTC,2012-09-26 19:54:30 UTC,2,20,20,50,8,2,2012-09-26 19:54:30 UTC,2012-09-26 19:54:30 UTC,4,5,15,40,35,5,2012-09-26 19:54:30 UTC,2012-09-26 19:54:30 UTC,1,5,35,35,20,5,2012-09-26 19:54:30 UTC,2012-09-26 19:54:30 UTC,2,10,35,35,10,10,2012-09-26 19:54:30 UTC,2012-09-26 19:54:30 UTC,1,75,20,4,1,2012-09-26 19:54:30 UTC
184,2012-10-09 21:40:31 UTC,1,74,20,5,1,2012-10-09 21:40:31 UTC,2012-10-09 21:40:31 UTC,2,20,60,15,5,2012-10-09 21:40:31 UTC,2012-10-09 21:40:31 UTC,1,40,45,10,5,2012-10-09 21:40:31 UTC,2012-10-09 21:40:31 UTC,1,55,33,10,2,2012-10-09 21:40:31 UTC,2012-10-09 21:40:31 UTC,3,20,25,35,15,5,2012-10-09 21:40:31 UTC,2012-10-09 21:40:31 UTC,1,40,30,15,10,5,2012-10-09 21:40:31 UTC,2012-10-09 21:40:30 UTC,2,30,35,20,10,5,2012-10-09 21:40:30 UTC,2012-10-09 21:40:31 UTC,1,38,38,10,7,7,2012-10-09 21:40:31 UTC,2012-10-09 21:40:31 UTC,1,38,38,10,7,7,2012-10-09 21:40:31 UTC,2012-10-09 21:40:31 UTC,1,92,5,2,1,2012-10-09 21:40:31 UTC
186,2012-09-27 00:14:13 UTC,2,20,50,30,0,2012-09-27 00:14:13 UTC,2012-09-27 00:14:13 UTC,2,10,40,40,10,2012-09-27 00:14:13 UTC,2012-09-27 00:14:13 UTC,1,30,30,30,10,2012-09-27 00:14:13 UTC,2012-09-27 00:14:13 UTC,1,50,30,15,5,2012-09-27 00:14:13 UTC,2012-09-27 00:14:13 UTC,4,5,10,10,45,30,2012-09-27 00:14:13 UTC,2012-09-27 00:14:13 UTC,4,10,15,15,40,20,2012-09-27 00:14:13 UTC,2012-09-27 00:14:13 UTC,3,10,25,30,25,10,2012-09-27 00:14:13 UTC,2012-09-27 00:14:13 UTC,1,45,25,15,10,5,2012-09-27 00:14:13 UTC,2012-09-27 00:14:13 UTC,2,30,40,30,0,0,2012-09-27 00:14:13 UTC,2012-09-27 00:14:13 UTC,1,80,20,0,0,2012-09-27 00:14:13 UTC
187,2012-10-10 08:46:40 UTC,1,95,5,0,0,2012-10-10 08:46:40 UTC,2012-10-10 08:46:40 UTC,2,50,50,0,0,2012-10-10 08:46:40 UTC,2012-10-10 08:46:40 UTC,2,50,50,0,0,2012-10-10 08:46:40 UTC,2012-10-10 08:46:40 UTC,1,80,20,0,0,2012-10-10 08:46:40 UTC,2012-10-10 08:46:40 UTC,2,50,50,0,0,0,2012-10-10 08:46:40 UTC,2012-10-10 08:46:40 UTC,1,50,50,0,0,0,2012-10-10 08:46:40 UTC,2012-10-10 08:46:40 UTC,2,50,50,0,0,0,2012-10-10 08:46:40 UTC,2012-10-10 08:46:40 UTC,2,50,50,0,0,0,2012-10-10 08:46:40 UTC,2012-10-10 08:46:40 UTC,2,50,50,0,0,0,2012-10-10 08:46:40 UTC,2012-10-10 08:46:40 UTC,1,90,10,0,0,2012-10-10 08:46:40 UTC
192,2012-10-12 12:15:55 UTC,1,80,20,0,0,2012-10-12 12:15:55 UTC,2012-10-12 12:15:56 UTC,1,60,20,20,0,2012-10-12 12:15:56 UTC,2012-10-12 12:15:56 UTC,1,60,20,20,0,2012-10-12 12:15:56 UTC,2012-10-12 12:15:56 UTC,1,80,20,0,0,2012-10-12 12:15:56 UTC,2012-10-12 12:15:56 UTC,3,0,30,40,30,0,2012-10-12 12:15:56 UTC,2012-10-12 12:15:56 UTC,2,0,50,35,15,0,2012-10-12 12:15:56 UTC,2012-10-12 12:15:55 UTC,3,20,20,20,20,20,2012-10-12 12:15:55 UTC,2012-10-12 12:15:55 UTC,2,30,40,30,0,0,2012-10-12 12:15:55 UTC,2012-10-12 12:15:55 UTC,2,20,40,40,0,0,2012-10-12 12:15:55 UTC,2012-10-12 12:15:55 UTC,1,80,20,0,0,2012-10-12 12:15:55 UTC
195,2012-10-10 10:19:22 UTC,1,70,20,5,5,2012-10-10 10:19:22 UTC,2012-10-10 10:19:22 UTC,3,15,45,30,10,2012-10-10 10:19:22 UTC,2012-10-10 10:19:22 UTC,2,30,45,20,5,2012-10-10 10:19:22 UTC,2012-10-10 10:19:22 UTC,2,30,45,20,5,2012-10-10 10:19:22 UTC,2012-10-10 10:19:22 UTC,2,5,50,30,14,1,2012-10-10 10:19:22 UTC,2012-10-10 10:19:22 UTC,2,27,50,20,2,1,2012-10-10 10:19:22 UTC,2012-10-10 10:19:22 UTC,2,30,40,25,5,0,2012-10-10 10:19:22 UTC,2012-10-10 10:19:22 UTC,2,30,50,15,5,0,2012-10-10 10:19:22 UTC,2012-10-10 10:19:22 UTC,,50,40,10,0,0,2012-10-10 10:19:22 UTC,2012-10-10 10:19:22 UTC,1,70,20,6,4,2012-10-10 10:19:22 UTC
202,2012-09-28 20:52:48 UTC,1,35,35,30,0,2012-09-28 20:52:48 UTC,2012-09-28 20:52:48 UTC,3,10,30,40,20,2012-09-28 20:52:48 UTC,2012-09-28 20:52:48 UTC,2,15,35,40,10,2012-09-28 20:52:48 UTC,2012-09-28 20:52:48 UTC,2,20,40,30,10,2012-09-28 20:52:48 UTC,2012-09-28 20:52:48 UTC,3,30,40,20,10,0,2012-09-28 20:52:48 UTC,2012-09-28 20:52:48 UTC,2,40,30,25,5,0,2012-09-28 20:52:48 UTC,2012-09-28 20:52:48 UTC,4,25,30,30,15,0,2012-09-28 20:52:48 UTC,2012-09-28 20:52:48 UTC,2,20,30,40,10,0,2012-09-28 20:52:48 UTC,2012-09-28 20:52:48 UTC,1,30,40,30,0,0,2012-09-28 20:52:48 UTC,2012-09-28 20:52:48 UTC,1,90,10,0,0,2012-09-28 20:52:48 UTC
210,2012-09-26 23:43:57 UTC,1,30,50,15,5,2012-09-26 23:43:57 UTC,2012-09-26 23:43:57 UTC,1,20,60,15,5,2012-09-26 23:43:57 UTC,2012-09-26 23:43:57 UTC,1,30,50,15,5,2012-09-26 23:43:57 UTC,2012-09-26 23:43:57 UTC,1,50,30,15,5,2012-09-26 23:43:57 UTC,2012-09-26 23:43:57 UTC,2,5,30,50,10,5,2012-09-26 23:43:57 UTC,2012-09-26 23:43:57 UTC,3,5,20,50,20,5,2012-09-26 23:43:57 UTC,2012-09-26 23:43:57 UTC,2,10,30,40,15,5,2012-09-26 23:43:57 UTC,2012-09-26 23:43:57 UTC,2,20,40,30,5,5,2012-09-26 23:43:57 UTC,2012-09-26 23:43:57 UTC,2,15,40,40,5,0,2012-09-26 23:43:57 UTC,2012-09-26 23:43:57 UTC,1,50,40,10,0,2012-09-26 23:43:57 UTC
217,2013-05-15 15:48:57 UTC,1,90,7,3,0,2013-05-15 15:48:57 UTC,2013-05-15 15:48:57 UTC,1,50,35,10,5,2013-05-15 15:48:57 UTC,2013-05-15 15:48:57 UTC,2,20,60,15,5,2013-05-15 15:48:57 UTC,2013-05-15 15:48:57 UTC,1,90,7,3,0,2013-05-15 15:48:57 UTC,2013-05-15 15:48:57 UTC,3,20,20,50,5,5,2013-05-15 15:48:57 UTC,2013-05-15 15:48:57 UTC,2,20,50,15,10,5,2013-05-15 15:48:57 UTC,2013-05-15 15:48:57 UTC,1,25,40,25,5,5,2013-05-15 15:48:57 UTC,2013-05-15 15:48:57 UTC,1,70,30,0,0,0,2013-05-15 15:48:57 UTC,2013-05-15 15:48:57 UTC,1,60,40,0,0,0,2013-05-15 15:48:57 UTC,2013-05-15 15:48:57 UTC,1,95,3,2,0,2013-05-15 15:48:57 UTC
218,2013-03-05 22:07:55 UTC,2,60,30,10,0,2013-03-05 22:07:55 UTC,2013-03-05 22:07:55 UTC,4,40,30,10,20,2013-03-05 22:07:55 UTC,2013-03-05 22:07:55 UTC,3,40,30,20,10,2013-03-05 22:07:55 UTC,2013-03-05 22:07:55 UTC,2,60,20,10,10,2013-03-05 22:07:55 UTC,2013-03-05 22:07:55 UTC,4,10,20,30,30,10,2013-03-05 22:07:55 UTC,2013-03-05 22:07:55 UTC,3,30,10,20,20,20,2013-03-05 22:07:55 UTC,2013-03-05 22:07:55 UTC,1,20,30,20,20,10,2013-03-05 22:07:55 UTC,2013-03-05 22:07:55 UTC,3,30,40,20,10,0,2013-03-05 22:07:55 UTC,2013-03-05 22:07:55 UTC,2,40,50,10,0,0,2013-03-05 22:07:55 UTC,2013-03-05 22:07:55 UTC,1,75,20,5,0,2013-03-05 22:07:55 UTC
221,2013-06-26 15:56:58 UTC,1,40,30,20,10,2013-06-26 15:56:58 UTC,2013-06-26 15:56:58 UTC,1,40,30,20,10,2013-06-26 15:56:58 UTC,2013-06-26 15:56:58 UTC,1,40,30,20,10,2013-06-26 15:56:58 UTC,2013-06-26 15:56:58 UTC,1,40,30,20,10,2013-06-26 15:56:58 UTC,2013-06-26 15:56:58 UTC,3,5,25,40,25,5,2013-06-26 15:56:58 UTC,2013-06-26 15:56:58 UTC,4,10,15,40,25,10,2013-06-26 15:56:58 UTC,2013-06-26 15:56:58 UTC,3,5,15,60,15,5,2013-06-26 15:56:58 UTC,2013-06-26 15:56:58 UTC,1,30,30,20,15,5,2013-06-26 15:56:58 UTC,2013-06-26 15:56:58 UTC,2,30,30,30,7,3,2013-06-26 15:56:58 UTC,2013-06-26 15:56:58 UTC,1,80,10,7,3,2013-06-26 15:56:58 UTC
235,2012-09-27 22:42:38 UTC,1,55,25,15,5,2012-09-27 22:42:38 UTC,2012-09-27 22:42:38 UTC,2,30,30,30,10,2012-09-27 22:42:38 UTC,2012-09-27 22:42:38 UTC,2,30,30,30,10,2012-09-27 22:42:38 UTC,2012-09-27 22:42:38 UTC,2,30,30,30,10,2012-09-27 22:42:38 UTC,2012-09-27 22:42:38 UTC,2,20,40,30,5,5,2012-09-27 22:42:38 UTC,2012-09-27 22:42:38 UTC,2,20,40,30,5,5,2012-09-27 22:42:38 UTC,2012-09-27 22:42:38 UTC,2,20,35,20,15,10,2012-09-27 22:42:38 UTC,2012-09-27 22:42:38 UTC,3,15,20,40,15,10,2012-09-27 22:42:38 UTC,2012-09-27 22:42:38 UTC,3,10,25,40,15,10,2012-09-27 22:42:38 UTC,2012-09-27 22:42:38 UTC,1,40,40,15,5,2012-09-27 22:42:38 UTC
240,2013-05-15 19:05:31 UTC,1,10,40,40,10,2013-05-15 19:05:31 UTC,2013-05-15 19:05:31 UTC,2,10,40,40,10,2013-05-15 19:05:31 UTC,2013-05-15 19:05:31 UTC,2,10,40,40,10,2013-05-15 19:05:31 UTC,2013-05-15 19:05:32 UTC,2,10,40,40,10,2013-05-15 19:05:32 UTC,2013-05-15 19:05:32 UTC,2,10,30,20,30,10,2013-05-15 19:05:32 UTC,2013-05-15 19:05:32 UTC,2,10,30,20,30,10,2013-05-15 19:05:32 UTC,2013-05-15 19:05:31 UTC,4,5,20,40,30,5,2013-05-15 19:05:31 UTC,2013-05-15 19:05:31 UTC,2,10,30,30,20,10,2013-05-15 19:05:31 UTC,2013-05-15 19:05:31 UTC,2,20,40,30,5,5,2013-05-15 19:05:31 UTC,2013-05-15 19:05:31 UTC,1,40,25,25,10,2013-05-15 19:05:31 UTC
245,2012-09-26 16:13:44 UTC,1,50,35,10,5,2012-09-26 16:13:44 UTC,2012-09-26 16:13:44 UTC,2,40,35,15,10,2012-09-26 16:13:44 UTC,2012-09-26 16:13:44 UTC,2,40,35,15,10,2012-09-26 16:13:44 UTC,2012-09-26 16:13:44 UTC,1,50,35,10,5,2012-09-26 16:13:44 UTC,2012-09-26 16:13:44 UTC,3,25,30,25,15,5,2012-09-26 16:13:44 UTC,2012-09-26 16:13:44 UTC,2,30,30,20,15,5,2012-09-26 16:13:44 UTC,2012-09-26 16:13:44 UTC,2,30,30,20,15,5,2012-09-26 16:13:44 UTC,2012-09-26 16:13:44 UTC,4,10,30,30,20,10,2012-09-26 16:13:44 UTC,2012-09-26 16:13:44 UTC,1,30,40,30,0,0,2012-09-26 16:13:44 UTC,2012-09-26 16:13:44 UTC,1,90,10,0,0,2012-09-26 16:13:44 UTC
249,2013-05-16 21:09:02 UTC,1,80,10,8,2,2013-05-16 21:09:02 UTC,2013-05-16 21:09:02 UTC,2,20,70,8,2,2013-05-16 21:09:02 UTC,2013-05-16 21:09:02 UTC,2,20,70,8,2,2013-05-16 21:09:02 UTC,2013-05-16 21:09:02 UTC,2,20,70,8,2,2013-05-16 21:09:02 UTC,2013-05-16 21:09:02 UTC,2,3,50,30,15,2,2013-05-16 21:09:02 UTC,2013-05-16 21:09:02 UTC,2,2,80,10,8,0,2013-05-16 21:09:02 UTC,2013-05-16 21:09:01 UTC,3,2,20,50,20,8,2013-05-16 21:09:01 UTC,2013-05-16 21:09:02 UTC,2,20,20,20,20,20,2013-05-16 21:09:02 UTC,2013-05-16 21:09:02 UTC,3,20,20,20,20,20,2013-05-16 21:09:02 UTC,2013-05-16 21:09:02 UTC,1,80,15,3,2,2013-05-16 21:09:02 UTC
251,2012-10-10 06:42:48 UTC,1,40,55,5,0,2012-10-10 06:42:48 UTC,2012-10-10 06:42:48 UTC,2,25,55,15,5,2012-10-10 06:42:48 UTC,2012-10-10 06:42:48 UTC,2,15,50,25,10,2012-10-10 06:42:48 UTC,2013-04-19 12:08:54 UTC,2,40,55,5,0,2012-10-10 06:42:48 UTC,2012-10-10 06:56:12 UTC,3,5,20,35,30,10,2012-10-10 06:42:49 UTC,2012-10-10 06:56:12 UTC,2,20,50,25,5,0,2012-10-10 06:42:49 UTC,2012-10-10 06:56:12 UTC,1,25,45,25,5,0,2012-10-10 06:42:48 UTC,2012-10-10 06:56:12 UTC,2,20,65,10,5,0,2012-10-10 06:42:48 UTC,2013-04-19 12:08:54 UTC,2,35,60,5,0,0,2012-10-10 06:42:48 UTC,2013-04-19 12:08:54 UTC,1,85,10,5,0,2012-10-10 06:42:48 UTC
269,2013-05-19 03:33:19 UTC,2,20,50,10,20,2013-05-19 03:33:19 UTC,2013-05-19 03:33:19 UTC,3,10,20,30,40,2013-05-19 03:33:19 UTC,2013-05-19 03:33:19 UTC,1,30,40,20,10,2013-05-19 03:33:19 UTC,2013-05-19 03:33:19 UTC,1,40,30,20,10,2013-05-19 03:33:19 UTC,2013-05-19 03:33:19 UTC,2,10,40,30,10,10,2013-05-19 03:33:19 UTC,2013-05-19 03:33:19 UTC,1,20,50,10,10,10,2013-05-19 03:33:19 UTC,2013-05-19 03:33:19 UTC,3,10,20,40,20,10,2013-05-19 03:33:19 UTC,2013-05-19 03:33:19 UTC,1,40,30,20,10,0,2013-05-19 03:33:19 UTC,2013-05-19 03:33:19 UTC,3,10,10,40,20,20,2013-05-19 03:33:19 UTC,2013-05-19 03:33:19 UTC,1,80,10,10,0,2013-05-19 03:33:19 UTC
271,2012-10-01 14:48:04 UTC,2,10,50,25,15,2012-10-01 14:48:04 UTC,2012-10-01 14:48:04 UTC,2,10,50,25,15,2012-10-01 14:48:04 UTC,2012-10-01 14:48:04 UTC,1,15,60,24,1,2012-10-01 14:48:04 UTC,2012-10-01 14:48:04 UTC,1,15,60,24,1,2012-10-01 14:48:04 UTC,2012-10-01 14:48:04 UTC,4,0,5,25,50,20,2012-10-01 14:48:04 UTC,2012-10-01 14:48:04 UTC,2,20,50,25,5,0,2012-10-01 14:48:04 UTC,2012-10-01 14:48:04 UTC,1,10,25,35,25,5,2012-10-01 14:48:04 UTC,2012-10-01 14:48:04 UTC,2,10,25,35,25,5,2012-10-01 14:48:04 UTC,2012-10-01 14:48:04 UTC,2,10,25,35,25,5,2012-10-01 14:48:04 UTC,2012-10-01 14:48:04 UTC,1,50,30,15,5,2012-10-01 14:48:04 UTC
276,2012-09-26 15:53:46 UTC,1,85,13,2,0,2012-09-26 15:53:46 UTC,2012-09-26 15:53:47 UTC,2,30,40,20,10,2012-09-26 15:53:47 UTC,2012-09-26 15:53:47 UTC,2,40,30,25,5,2012-09-26 15:53:47 UTC,2012-09-26 15:53:47 UTC,1,50,35,12,3,2012-09-26 15:53:47 UTC,2012-09-26 15:53:47 UTC,4,7,30,30,30,3,2012-09-26 15:53:47 UTC,2012-09-26 15:53:47 UTC,2,40,45,15,0,0,2012-09-26 15:53:47 UTC,2012-09-26 15:53:46 UTC,3,15,40,35,10,0,2012-09-26 15:53:46 UTC,2012-09-26 15:53:46 UTC,1,80,20,0,0,0,2012-09-26 15:53:46 UTC,2012-09-26 15:53:46 UTC,1,55,35,10,0,0,2012-09-26 15:53:46 UTC,2012-09-26 15:53:46 UTC,1,80,15,5,0,2012-09-26 15:53:46 UTC
277,2013-05-15 16:20:13 UTC,2,5,55,20,20,2013-05-15 16:20:13 UTC,2013-05-15 16:20:13 UTC,3,5,20,55,20,2013-05-15 16:20:13 UTC,2013-05-15 16:20:13 UTC,2,5,55,20,20,2013-05-15 16:20:13 UTC,2013-05-15 16:20:13 UTC,2,5,55,20,20,2013-05-15 16:20:13 UTC,2013-05-15 16:20:13 UTC,3,5,25,40,25,5,2013-05-15 16:20:13 UTC,2013-05-15 16:20:13 UTC,1,35,35,20,5,5,2013-05-15 16:20:13 UTC,2013-05-15 16:20:13 UTC,1,10,45,30,10,5,2013-05-15 16:20:13 UTC,2013-05-15 16:20:13 UTC,2,5,40,30,20,5,2013-05-15 16:20:13 UTC,2013-05-15 16:20:13 UTC,2,5,40,30,20,5,2013-05-15 16:20:13 UTC,2013-05-15 16:20:13 UTC,1,80,10,5,5,2013-05-15 16:20:13 UTC
283,2012-09-27 19:06:39 UTC,1,40,45,10,5,2012-09-27 19:06:39 UTC,2012-09-27 19:06:39 UTC,2,10,40,40,10,2012-09-27 19:06:39 UTC,2012-09-27 19:06:39 UTC,2,20,50,20,10,2012-09-27 19:06:39 UTC,2012-09-27 19:06:39 UTC,1,40,30,20,10,2012-09-27 19:06:39 UTC,2012-09-27 19:06:39 UTC,3,10,30,50,10,0,2012-09-27 19:06:39 UTC,2012-09-27 19:06:39 UTC,3,5,25,40,20,10,2012-09-27 19:06:39 UTC,2012-09-27 19:06:39 UTC,3,5,20,50,20,5,2012-09-27 19:06:39 UTC,2012-09-27 19:06:39 UTC,3,5,30,50,10,5,2012-09-27 19:06:39 UTC,2012-09-27 19:06:39 UTC,3,10,40,30,20,0,2012-09-27 19:06:39 UTC,2012-09-27 19:06:39 UTC,1,60,30,10,0,2012-09-27 19:06:39 UTC
285,2012-09-26 16:11:24 UTC,2,1,39,40,20,2012-09-26 16:11:24 UTC,2012-09-26 16:11:25 UTC,4,0,0,50,50,2012-09-26 16:11:25 UTC,2012-09-26 16:11:25 UTC,3,0,25,45,30,2012-09-26 16:11:25 UTC,2012-09-26 16:11:25 UTC,2,5,35,35,25,2012-09-26 16:11:25 UTC,2012-09-26 16:11:25 UTC,3,0,5,90,5,0,2012-09-26 16:11:25 UTC,2012-09-26 16:11:25 UTC,4,0,0,35,55,10,2012-09-26 16:11:25 UTC,2012-09-26 16:11:24 UTC,4,0,30,40,30,0,2012-09-26 16:11:24 UTC,2012-09-26 16:11:24 UTC,3,7,25,36,25,7,2012-09-26 16:11:24 UTC,2012-09-26 16:11:24 UTC,2,10,40,40,10,0,2012-09-26 16:11:24 UTC,2012-09-26 16:11:24 UTC,1,95,5,0,0,2012-09-26 16:11:24 UTC
286,2012-10-09 16:05:40 UTC,2,0,80,20,0,2012-10-09 16:05:40 UTC,2012-10-09 16:05:41 UTC,3,0,40,60,0,2012-10-09 16:05:41 UTC,2012-10-09 16:05:41 UTC,3,0,40,60,0,2012-10-09 16:05:41 UTC,2012-10-09 16:05:41 UTC,2,0,50,50,0,2012-10-09 16:05:41 UTC,2012-10-09 16:05:41 UTC,3,5,25,60,10,0,2012-10-09 16:05:41 UTC,2012-10-09 16:05:41 UTC,2,5,30,60,5,0,2012-10-09 16:05:41 UTC,2012-10-09 16:05:40 UTC,3,5,15,60,15,5,2012-10-09 16:05:40 UTC,2012-10-09 16:05:40 UTC,3,5,15,60,15,5,2012-10-09 16:05:40 UTC,2012-10-09 16:05:40 UTC,2,5,45,50,0,0,2012-10-09 16:05:40 UTC,2012-10-09 16:05:40 UTC,1,90,10,0,0,2012-10-09 16:05:40 UTC
311,2013-06-26 18:27:01 UTC,1,30,50,15,5,2013-06-26 18:27:01 UTC,2013-06-26 18:27:01 UTC,2,20,40,30,10,2013-06-26 18:27:01 UTC,2013-06-26 18:27:01 UTC,1,25,45,20,10,2013-06-26 18:27:01 UTC,2013-06-26 18:27:01 UTC,1,25,45,20,10,2013-06-26 18:27:01 UTC,2013-06-26 18:27:01 UTC,1,25,45,20,5,5,2013-06-26 18:27:01 UTC,2013-06-26 18:27:01 UTC,1,35,45,15,5,0,2013-06-26 18:27:01 UTC,2013-06-26 18:27:01 UTC,2,10,40,40,10,0,2013-06-26 18:27:01 UTC,2013-06-26 18:27:01 UTC,2,20,35,35,10,0,2013-06-26 18:27:01 UTC,2013-06-26 18:27:01 UTC,1,25,40,30,5,0,2013-06-26 18:27:01 UTC,2013-06-26 18:27:01 UTC,1,60,35,5,0,2013-06-26 18:27:01 UTC
322,2012-10-02 14:42:49 UTC,1,85,12,3,0,2012-10-02 14:42:49 UTC,2012-10-02 14:42:49 UTC,2,15,35,35,15,2012-10-02 14:42:49 UTC,2012-10-02 14:42:49 UTC,1,40,30,20,10,2012-10-02 14:42:49 UTC,2012-10-02 14:42:49 UTC,1,50,45,4,1,2012-10-02 14:42:49 UTC,2012-10-02 14:42:49 UTC,4,0,10,30,40,20,2012-10-02 14:42:49 UTC,2012-10-02 14:42:49 UTC,2,15,35,30,15,5,2012-10-02 14:42:49 UTC,2012-10-02 14:42:49 UTC,3,10,20,40,20,10,2012-10-02 14:42:49 UTC,2012-10-02 14:42:49 UTC,2,20,40,25,15,0,2012-10-02 14:42:49 UTC,2012-10-02 14:42:49 UTC,2,30,40,20,10,0,2012-10-02 14:42:49 UTC,2012-10-02 14:42:49 UTC,1,75,20,5,0,2012-10-02 14:42:49 UTC
324,2012-09-27 09:30:00 UTC,2,20,40,30,10,2012-09-27 09:30:00 UTC,2012-09-27 09:30:00 UTC,3,15,30,35,20,2012-09-27 09:30:00 UTC,2012-09-27 09:30:00 UTC,2,20,35,30,15,2012-09-27 09:30:00 UTC,2012-09-27 09:30:00 UTC,1,45,40,10,5,2012-09-27 09:30:00 UTC,2012-09-27 09:30:00 UTC,2,35,50,10,5,0,2012-09-27 09:30:00 UTC,2012-09-27 09:30:00 UTC,,60,30,10,0,0,2012-09-27 09:30:00 UTC,2012-09-27 09:30:00 UTC,2,20,30,30,20,0,2012-09-27 09:30:00 UTC,2012-09-27 09:30:00 UTC,2,30,45,25,0,0,2012-09-27 09:30:00 UTC,2012-09-27 09:30:00 UTC,3,,,,,,2012-09-27 09:30:00 UTC,2012-09-27 09:30:00 UTC,1,80,15,5,0,2012-09-27 09:30:00 UTC
327,2012-09-30 18:12:49 UTC,2,5,50,30,15,2012-09-30 18:12:49 UTC,2012-09-30 18:12:49 UTC,2,5,40,40,15,2012-09-30 18:12:49 UTC,2012-09-30 18:12:49 UTC,1,20,50,20,10,2012-09-30 18:12:49 UTC,2012-09-30 18:12:49 UTC,1,30,50,15,5,2012-09-30 18:12:49 UTC,2012-09-30 18:12:49 UTC,3,0,20,60,20,0,2012-09-30 18:12:49 UTC,2012-09-30 18:12:49 UTC,2,10,60,30,0,0,2012-09-30 18:12:49 UTC,2012-09-30 18:12:48 UTC,3,10,30,40,20,0,2012-09-30 18:12:48 UTC,2012-09-30 18:12:49 UTC,2,10,70,20,0,0,2012-09-30 18:12:49 UTC,2012-09-30 18:12:49 UTC,2,30,50,20,0,0,2012-09-30 18:12:49 UTC,2012-09-30 18:12:49 UTC,1,60,35,5,0,2012-09-30 18:12:49 UTC
328,2013-05-15 18:08:01 UTC,1,75,25,0,0,2013-05-15 18:08:01 UTC,2013-05-15 18:08:01 UTC,2,12,13,50,25,2013-05-15 18:08:01 UTC,2013-05-15 18:08:01 UTC,2,18,35,35,12,2013-05-15 18:08:01 UTC,2013-05-15 18:08:01 UTC,2,25,35,30,10,2013-05-15 18:08:01 UTC,2013-05-15 18:08:01 UTC,2,0,25,50,25,0,2013-05-15 18:08:01 UTC,2013-05-15 18:08:01 UTC,1,25,50,25,0,0,2013-05-15 18:08:01 UTC,2013-05-15 18:08:01 UTC,2,25,50,25,0,0,2013-05-15 18:08:01 UTC,2013-05-15 18:08:01 UTC,2,13,37,50,0,0,2013-05-15 18:08:01 UTC,2013-05-15 18:08:01 UTC,2,25,35,40,0,0,2013-05-15 18:08:01 UTC,2013-05-15 18:08:01 UTC,1,75,25,0,0,2013-05-15 18:08:01 UTC
329,2012-11-16 18:08:53 UTC,1,62,38,0,0,2012-11-16 18:08:53 UTC,2012-11-16 18:08:53 UTC,1,50,50,0,0,2012-11-16 18:08:53 UTC,2012-11-16 18:08:53 UTC,1,50,50,0,0,2012-11-16 18:08:53 UTC,2012-11-16 18:08:53 UTC,1,65,35,0,0,2012-11-16 18:08:53 UTC,2012-11-16 18:08:53 UTC,2,30,50,20,0,0,2012-11-16 18:08:53 UTC,2012-11-16 18:08:53 UTC,1,50,40,10,0,0,2012-11-16 18:08:53 UTC,2012-11-16 18:08:53 UTC,2,20,60,20,0,0,2012-11-16 18:08:53 UTC,2012-11-16 18:08:53 UTC,1,45,45,10,0,0,2012-11-16 18:08:53 UTC,2012-11-16 18:08:53 UTC,1,70,30,0,0,0,2012-11-16 18:08:53 UTC,2012-11-16 18:08:53 UTC,1,60,40,0,0,2012-11-16 18:08:53 UTC
330,2012-10-09 18:30:51 UTC,3,5,40,50,5,2012-10-09 18:30:51 UTC,2012-10-09 18:30:51 UTC,4,10,40,40,10,2012-10-09 18:30:51 UTC,2012-10-09 18:30:51 UTC,4,15,30,40,15,2012-10-09 18:30:51 UTC,2012-10-09 18:30:51 UTC,4,15,25,35,25,2012-10-09 18:30:51 UTC,2012-10-09 18:30:51 UTC,4,15,20,25,25,15,2012-10-09 18:30:51 UTC,2012-10-09 18:30:51 UTC,1,25,25,35,10,5,2012-10-09 18:30:51 UTC,2012-10-09 18:30:51 UTC,3,15,20,30,25,10,2012-10-09 18:30:51 UTC,2012-10-09 18:30:51 UTC,3,15,20,35,25,5,2012-10-09 18:30:51 UTC,2012-10-09 18:30:51 UTC,3,20,25,30,15,10,2012-10-09 18:30:51 UTC,2012-10-09 18:30:51 UTC,3,20,30,25,25,2012-10-09 18:30:51 UTC
331,2012-09-26 15:40:49 UTC,2,10,40,40,10,2012-09-26 15:40:49 UTC,2012-09-26 15:40:49 UTC,2,10,40,40,10,2012-09-26 15:40:49 UTC,2012-09-26 15:40:49 UTC,2,10,40,40,10,2012-09-26 15:40:49 UTC,2012-09-26 15:40:49 UTC,2,20,50,20,10,2012-09-26 15:40:49 UTC,2012-09-26 15:40:49 UTC,3,10,20,40,20,10,2012-09-26 15:40:49 UTC,2012-09-26 15:40:49 UTC,5,0,10,40,30,20,2012-09-26 15:40:49 UTC,2012-09-26 15:40:49 UTC,4,10,20,40,20,10,2012-09-26 15:40:49 UTC,2012-09-26 15:40:49 UTC,3,10,20,40,20,10,2012-09-26 15:40:49 UTC,2012-09-26 15:40:49 UTC,2,20,30,40,10,0,2012-09-26 15:40:49 UTC,2012-09-26 15:40:49 UTC,1,95,5,0,0,2012-09-26 15:40:49 UTC
333,2012-10-09 15:42:57 UTC,1,20,30,30,20,2012-10-09 15:42:57 UTC,2012-10-09 15:42:57 UTC,2,20,30,30,20,2012-10-09 15:42:57 UTC,2012-10-09 15:42:57 UTC,2,20,30,30,20,2012-10-09 15:42:57 UTC,2012-10-09 15:42:57 UTC,1,20,30,30,20,2012-10-09 15:42:57 UTC,2012-10-09 15:42:57 UTC,2,20,30,30,10,10,2012-10-09 15:42:57 UTC,2012-10-09 15:42:57 UTC,1,25,35,20,10,10,2012-10-09 15:42:57 UTC,2012-10-09 15:42:57 UTC,1,30,20,20,20,10,2012-10-09 15:42:57 UTC,2012-10-09 15:42:57 UTC,2,10,40,30,10,10,2012-10-09 15:42:57 UTC,2012-10-09 15:42:57 UTC,1,60,20,10,5,5,2012-10-09 15:42:57 UTC,2012-10-09 15:42:57 UTC,1,90,10,0,0,2012-10-09 15:42:57 UTC
346,2013-05-31 15:01:38 UTC,3,35,45,17,3,2012-10-03 13:27:43 UTC,2012-10-03 13:27:43 UTC,4,30,40,20,10,2012-10-03 13:27:43 UTC,2012-10-03 13:27:43 UTC,4,30,40,20,10,2012-10-03 13:27:43 UTC,2012-10-03 13:27:43 UTC,4,30,40,20,10,2012-10-03 13:27:43 UTC,2013-05-31 15:01:39 UTC,3,30,30,20,15,5,2012-10-03 13:27:43 UTC,2012-10-03 13:27:43 UTC,1,30,30,30,10,0,2012-10-03 13:27:43 UTC,2013-05-31 15:01:38 UTC,2,20,30,25,20,5,2012-10-03 13:27:43 UTC,2012-10-03 13:27:43 UTC,3,20,35,25,15,5,2012-10-03 13:27:43 UTC,2012-10-03 13:27:43 UTC,3,50,30,15,5,0,2012-10-03 13:27:43 UTC,2013-05-31 15:01:38 UTC,3,65,30,5,0,2012-10-03 13:27:43 UTC
363,2012-10-11 18:48:41 UTC,2,35,30,25,10,2012-10-11 18:48:41 UTC,2012-10-11 18:48:41 UTC,3,25,30,30,15,2012-10-11 18:48:41 UTC,2012-10-11 18:48:41 UTC,3,30,30,25,15,2012-10-11 18:48:41 UTC,2012-10-11 18:48:41 UTC,2,30,40,25,5,2012-10-11 18:48:41 UTC,2012-10-11 18:48:41 UTC,3,5,35,35,25,0,2012-10-11 18:48:41 UTC,2012-10-11 18:48:41 UTC,2,35,40,25,0,0,2012-10-11 18:48:41 UTC,2012-10-11 18:48:41 UTC,3,25,35,25,15,0,2012-10-11 18:48:41 UTC,2012-10-11 18:48:41 UTC,3,30,40,20,10,0,2012-10-11 18:48:41 UTC,2012-10-11 18:48:41 UTC,3,25,40,30,5,0,2012-10-11 18:48:41 UTC,2012-10-11 18:48:41 UTC,2,50,35,15,0,2012-10-11 18:48:41 UTC
371,2012-10-09 22:11:51 UTC,1,30,50,10,10,2012-10-09 22:11:51 UTC,2012-10-09 22:11:51 UTC,2,10,50,30,10,2012-10-09 22:11:51 UTC,2012-10-09 22:11:51 UTC,2,10,50,30,10,2012-10-09 22:11:51 UTC,2012-10-09 22:11:51 UTC,1,25,45,20,10,2012-10-09 22:11:51 UTC,2012-10-09 22:11:51 UTC,3,10,40,40,10,0,2012-10-09 22:11:51 UTC,2012-10-09 22:11:51 UTC,2,10,50,30,10,0,2012-10-09 22:11:51 UTC,2012-10-09 22:11:51 UTC,3,10,25,30,25,10,2012-10-09 22:11:51 UTC,2012-10-09 22:11:51 UTC,3,10,20,35,20,15,2012-10-09 22:11:51 UTC,2012-10-09 22:11:51 UTC,2,10,30,50,10,0,2012-10-09 22:11:51 UTC,2012-10-09 22:11:51 UTC,1,60,20,10,10,2012-10-09 22:11:51 UTC
384,2013-06-26 16:31:15 UTC,4,55,25,15,5,2013-06-26 16:31:15 UTC,2013-06-26 16:31:15 UTC,4,40,30,20,10,2013-06-26 16:31:15 UTC,2013-06-26 16:31:15 UTC,4,35,45,15,5,2013-06-26 16:31:15 UTC,2013-06-26 16:31:15 UTC,4,50,35,10,5,2013-06-26 16:31:15 UTC,2013-06-26 16:31:15 UTC,3,20,50,30,0,0,2013-06-26 16:31:15 UTC,2013-06-26 16:31:15 UTC,2,10,50,30,10,0,2013-06-26 16:31:15 UTC,2013-06-26 16:31:15 UTC,4,25,25,35,15,0,2013-06-26 16:31:15 UTC,2013-06-26 16:31:15 UTC,3,25,40,35,0,0,2013-06-26 16:31:15 UTC,2013-06-26 16:31:15 UTC,3,20,40,30,10,0,2013-06-26 16:31:15 UTC,2013-06-26 16:31:15 UTC,3,40,40,20,0,2013-06-26 16:31:15 UTC
390,2012-09-27 11:03:27 UTC,1,35,45,15,5,2012-09-27 11:03:27 UTC,2012-09-27 11:03:27 UTC,2,15,35,35,15,2012-09-27 11:03:27 UTC,2012-09-27 11:03:27 UTC,1,25,40,25,10,2012-09-27 11:03:27 UTC,2012-09-27 11:13:28 UTC,1,35,35,20,10,2012-09-27 11:03:27 UTC,2012-09-27 11:13:28 UTC,2,15,35,25,15,10,2012-09-27 11:03:27 UTC,2012-09-27 11:13:28 UTC,2,10,35,30,15,10,2012-09-27 11:03:27 UTC,2012-09-27 11:13:27 UTC,2,10,30,30,20,10,2012-09-27 11:03:27 UTC,2012-09-27 11:13:27 UTC,2,10,40,30,15,5,2012-09-27 11:03:27 UTC,2012-09-27 11:13:28 UTC,2,5,35,40,15,5,2012-09-27 11:03:27 UTC,2012-09-27 11:13:28 UTC,1,80,15,3,2,2012-09-27 11:03:27 UTC
392,2012-09-26 15:48:33 UTC,2,25,50,20,5,2012-09-26 15:48:33 UTC,2012-09-26 15:48:33 UTC,3,15,45,30,10,2012-09-26 15:48:33 UTC,2012-09-26 15:48:33 UTC,2,25,50,20,5,2012-09-26 15:48:33 UTC,2012-09-26 15:48:33 UTC,2,25,50,20,5,2012-09-26 15:48:33 UTC,2012-09-26 15:48:33 UTC,2,30,45,15,5,5,2012-09-26 15:48:33 UTC,2012-09-26 15:48:33 UTC,1,50,30,15,5,0,2012-09-26 15:48:33 UTC,2012-09-26 15:48:33 UTC,2,25,50,20,5,0,2012-09-26 15:48:33 UTC,2012-09-26 15:48:33 UTC,2,30,40,20,5,5,2012-09-26 15:48:33 UTC,2012-09-26 15:48:33 UTC,2,10,40,40,5,5,2012-09-26 15:48:33 UTC,2012-09-26 15:48:33 UTC,1,85,10,5,0,2012-09-26 15:48:33 UTC
405,2012-10-09 16:06:34 UTC,1,10,50,30,10,2012-10-09 16:06:34 UTC,2012-10-09 16:15:49 UTC,2,5,40,45,10,2012-10-09 16:06:34 UTC,2012-10-09 16:15:49 UTC,2,20,60,15,5,2012-10-09 16:06:34 UTC,2012-10-09 16:15:49 UTC,2,10,50,40,0,2012-10-09 16:06:34 UTC,2012-10-09 16:06:34 UTC,,,,,,,2012-10-09 16:06:34 UTC,2012-10-09 16:06:34 UTC,,,,,,,2012-10-09 16:06:34 UTC,2012-10-09 16:15:49 UTC,2,,,,,,2012-10-09 16:06:33 UTC,2012-10-09 16:15:49 UTC,3,10,40,30,15,5,2012-10-09 16:06:33 UTC,2012-10-09 16:15:49 UTC,1,10,70,10,10,0,2012-10-09 16:06:33 UTC,2012-10-09 16:15:49 UTC,1,30,40,20,10,2012-10-09 16:06:33 UTC
406,2012-09-27 14:49:26 UTC,1,30,50,18,2,2012-09-27 14:49:26 UTC,2012-09-27 14:49:26 UTC,1,25,50,20,5,2012-09-27 14:49:26 UTC,2012-09-27 14:49:26 UTC,1,40,45,13,2,2012-09-27 14:49:26 UTC,2012-09-27 14:49:26 UTC,1,60,30,8,2,2012-09-27 14:49:26 UTC,2012-09-27 14:49:26 UTC,3,5,25,40,25,5,2012-09-27 14:49:26 UTC,2012-09-27 14:49:26 UTC,4,5,15,40,30,10,2012-09-27 14:49:26 UTC,2012-09-27 14:49:26 UTC,2,10,25,40,20,5,2012-09-27 14:49:26 UTC,2012-09-27 14:49:26 UTC,5,5,30,25,30,10,2012-09-27 14:49:26 UTC,2012-09-27 14:49:26 UTC,1,30,40,25,5,0,2012-09-27 14:49:26 UTC,2012-09-27 14:49:26 UTC,1,95,3,2,0,2012-09-27 14:49:26 UTC
409,2012-10-11 23:20:22 UTC,1,50,30,10,10,2012-10-11 23:20:22 UTC,2012-10-11 23:20:22 UTC,1,40,40,10,10,2012-10-11 23:20:22 UTC,2012-10-11 23:20:22 UTC,1,60,20,10,10,2012-10-11 23:20:22 UTC,2012-10-11 23:20:22 UTC,1,40,40,10,10,2012-10-11 23:20:22 UTC,2012-10-11 23:20:22 UTC,2,10,50,20,10,10,2012-10-11 23:20:22 UTC,2012-10-11 23:20:22 UTC,3,10,30,40,10,10,2012-10-11 23:20:22 UTC,2012-10-11 23:20:22 UTC,1,30,40,20,10,0,2012-10-11 23:20:22 UTC,2012-10-11 23:20:22 UTC,1,40,40,20,0,0,2012-10-11 23:20:22 UTC,2012-10-11 23:20:22 UTC,1,50,40,10,0,0,2012-10-11 23:20:22 UTC,2012-10-11 23:20:22 UTC,1,60,30,9,1,2012-10-11 23:20:22 UTC
412,2012-09-26 17:37:13 UTC,1,30,40,20,10,2012-09-26 17:37:13 UTC,2012-09-26 17:37:13 UTC,1,20,30,40,10,2012-09-26 17:37:13 UTC,2012-09-26 17:37:13 UTC,1,10,30,40,20,2012-09-26 17:37:13 UTC,2012-09-26 17:37:13 UTC,1,20,40,30,10,2012-09-26 17:37:13 UTC,2012-09-26 17:37:13 UTC,2,0,20,40,30,10,2012-09-26 17:37:13 UTC,2012-09-26 17:37:13 UTC,2,10,40,30,20,0,2012-09-26 17:37:13 UTC,2012-09-26 17:37:13 UTC,1,10,30,30,20,10,2012-09-26 17:37:13 UTC,2012-09-26 17:37:13 UTC,2,10,30,30,20,10,2012-09-26 17:37:13 UTC,2012-09-26 17:37:13 UTC,3,10,20,30,30,10,2012-09-26 17:37:13 UTC,2012-09-26 17:37:13 UTC,1,30,20,30,20,2012-09-26 17:37:13 UTC
416,2012-10-13 22:33:50 UTC,1,60,40,0,0,2012-10-13 22:33:50 UTC,2012-10-13 22:33:51 UTC,2,30,50,10,10,2012-10-13 22:33:51 UTC,2012-10-13 22:33:51 UTC,2,20,60,10,10,2012-10-13 22:33:51 UTC,2012-10-13 22:33:51 UTC,1,50,30,10,10,2012-10-13 22:33:51 UTC,2012-10-13 22:33:51 UTC,3,0,20,50,30,0,2012-10-13 22:33:51 UTC,2012-10-13 22:33:51 UTC,2,10,40,40,10,0,2012-10-13 22:33:51 UTC,2012-10-13 22:33:50 UTC,2,10,20,40,20,10,2012-10-13 22:33:50 UTC,2012-10-13 22:33:50 UTC,2,20,50,20,10,0,2012-10-13 22:33:50 UTC,2012-10-13 22:33:50 UTC,2,30,50,20,0,0,2012-10-13 22:33:50 UTC,2012-10-13 22:33:50 UTC,1,90,7,3,0,2012-10-13 22:33:50 UTC
417,2012-10-09 16:32:21 UTC,2,25,50,15,10,2012-10-09 16:32:21 UTC,2012-10-09 16:32:21 UTC,2,10,60,20,10,2012-10-09 16:32:21 UTC,2012-10-09 16:32:21 UTC,2,15,55,20,10,2012-10-09 16:32:21 UTC,2012-10-09 16:32:21 UTC,2,15,55,20,10,2012-10-09 16:32:21 UTC,2012-10-09 16:32:21 UTC,3,5,20,40,30,5,2012-10-09 16:32:21 UTC,2012-10-09 16:32:21 UTC,2,10,50,30,10,0,2012-10-09 16:32:21 UTC,2012-10-09 16:32:21 UTC,3,20,40,30,10,0,2012-10-09 16:32:21 UTC,2012-10-09 16:32:21 UTC,4,5,15,40,35,5,2012-10-09 16:32:21 UTC,2012-10-09 16:32:21 UTC,2,20,50,30,0,0,2012-10-09 16:32:21 UTC,2012-10-09 16:32:21 UTC,1,70,20,10,0,2012-10-09 16:32:21 UTC
418,2012-10-10 07:24:56 UTC,1,95,5,0,0,2012-10-10 07:24:56 UTC,2012-10-10 07:24:56 UTC,2,0,75,25,0,2012-10-10 07:24:56 UTC,2012-10-10 07:24:56 UTC,1,70,30,0,0,2012-10-10 07:24:56 UTC,2012-10-10 07:24:56 UTC,1,80,20,0,0,2012-10-10 07:24:56 UTC,2012-10-10 07:24:56 UTC,4,0,5,20,60,15,2012-10-10 07:24:56 UTC,2012-10-10 07:24:56 UTC,4,0,5,30,65,0,2012-10-10 07:24:56 UTC,2012-10-10 07:24:56 UTC,3,0,10,80,10,0,2012-10-10 07:24:56 UTC,2012-10-10 07:24:56 UTC,2,0,70,30,0,0,2012-10-10 07:24:56 UTC,2012-10-10 07:24:56 UTC,1,90,10,0,0,0,2012-10-10 07:24:56 UTC,2012-10-10 07:24:56 UTC,1,90,10,0,0,2012-10-10 07:24:56 UTC
419,2012-09-26 16:00:28 UTC,2,30,60,8,2,2012-09-26 16:00:28 UTC,2012-09-26 16:00:28 UTC,2,20,50,20,10,2012-09-26 16:00:28 UTC,2012-09-26 16:00:28 UTC,2,30,60,7,3,2012-09-26 16:00:28 UTC,2012-09-26 16:00:28 UTC,1,80,15,4,1,2012-09-26 16:00:28 UTC,2012-09-26 16:00:28 UTC,2,15,60,15,8,2,2012-09-26 16:00:28 UTC,2012-09-26 16:00:28 UTC,1,80,15,5,0,0,2012-09-26 16:00:28 UTC,2012-09-26 16:00:28 UTC,1,60,30,10,0,0,2012-09-26 16:00:28 UTC,2012-09-26 16:00:28 UTC,1,80,20,0,0,0,2012-09-26 16:00:28 UTC,2012-09-26 16:00:28 UTC,2,20,60,20,0,0,2012-09-26 16:00:28 UTC,2012-09-26 16:00:28 UTC,1,90,10,0,0,2012-09-26 16:00:28 UTC
426,2012-11-15 22:59:55 UTC,1,20,50,20,10,2012-11-15 22:59:55 UTC,2012-11-15 22:59:55 UTC,2,10,20,50,20,2012-11-15 22:59:55 UTC,2012-11-15 22:59:55 UTC,1,40,30,10,20,2012-11-15 22:59:55 UTC,2012-11-15 22:59:55 UTC,1,60,20,10,10,2012-11-15 22:59:55 UTC,2012-11-15 22:59:55 UTC,3,5,20,65,5,5,2012-11-15 22:59:55 UTC,2012-11-15 22:59:55 UTC,3,5,20,65,5,5,2012-11-15 22:59:55 UTC,2012-11-15 22:59:55 UTC,2,20,20,45,10,5,2012-11-15 22:59:55 UTC,2012-11-15 22:59:55 UTC,2,25,45,20,5,5,2012-11-15 22:59:55 UTC,2012-11-15 22:59:55 UTC,2,45,25,20,5,5,2012-11-15 22:59:55 UTC,2012-11-15 22:59:55 UTC,1,70,27,2,1,2012-11-15 22:59:55 UTC
427,2012-11-15 20:17:43 UTC,2,74,20,5,1,2012-11-15 20:17:43 UTC,2012-11-15 20:17:43 UTC,2,45,40,10,5,2012-11-15 20:17:43 UTC,2012-11-15 20:17:43 UTC,2,45,40,10,5,2012-11-15 20:17:43 UTC,2012-11-15 20:17:43 UTC,2,45,40,10,5,2012-11-15 20:17:43 UTC,2012-11-15 20:17:43 UTC,2,33,40,20,5,2,2012-11-15 20:17:43 UTC,2012-11-15 20:17:43 UTC,2,53,30,15,2,0,2012-11-15 20:17:43 UTC,2012-11-15 20:17:43 UTC,,,,,,,2012-11-15 20:17:43 UTC,2012-11-15 20:17:43 UTC,,,,,,,2012-11-15 20:17:43 UTC,2012-11-15 20:17:43 UTC,,,,,,,2012-11-15 20:17:43 UTC,2012-11-15 20:17:43 UTC,2,65,30,5,0,2012-11-15 20:17:43 UTC
429,2012-11-15 18:59:59 UTC,4,5,15,60,20,2012-11-15 18:59:59 UTC,2012-11-15 18:59:59 UTC,4,0,10,50,40,2012-11-15 18:59:59 UTC,2012-11-15 18:59:59 UTC,4,0,20,50,30,2012-11-15 18:59:59 UTC,2012-11-15 18:59:59 UTC,4,0,20,50,30,2012-11-15 18:59:59 UTC,2012-11-15 18:59:59 UTC,3,0,20,40,30,10,2012-11-15 18:59:59 UTC,2012-11-15 18:59:59 UTC,2,20,50,20,10,0,2012-11-15 18:59:59 UTC,2012-11-15 18:59:59 UTC,2,0,20,60,20,0,2012-11-15 18:59:59 UTC,2012-11-15 18:59:59 UTC,3,0,30,40,30,0,2012-11-15 18:59:59 UTC,2012-11-15 18:59:59 UTC,4,10,30,40,20,0,2012-11-15 18:59:59 UTC,2012-11-15 18:59:59 UTC,3,30,30,30,10,2012-11-15 18:59:59 UTC
430,2012-11-15 19:20:41 UTC,2,25,50,20,5,2012-11-15 19:20:41 UTC,2012-11-15 19:20:41 UTC,3,10,40,45,5,2012-11-15 19:20:41 UTC,2012-11-15 19:20:42 UTC,3,30,55,10,5,2012-11-15 19:20:42 UTC,2012-11-15 19:20:42 UTC,3,30,55,10,5,2012-11-15 19:20:42 UTC,2012-11-15 19:20:42 UTC,4,5,10,50,30,5,2012-11-15 19:20:42 UTC,2012-11-15 19:20:42 UTC,2,20,40,20,15,5,2012-11-15 19:20:42 UTC,2012-11-15 19:20:41 UTC,4,10,60,20,5,5,2012-11-15 19:20:41 UTC,2012-11-15 19:20:41 UTC,3,60,25,10,3,2,2012-11-15 19:20:41 UTC,2012-11-15 19:20:41 UTC,3,60,25,10,3,2,2012-11-15 19:20:41 UTC,2012-11-15 19:20:41 UTC,3,50,40,5,5,2012-11-15 19:20:41 UTC
431,2012-11-16 01:44:13 UTC,1,75,21,2,2,2012-11-16 01:44:13 UTC,2012-11-16 01:44:13 UTC,2,30,40,25,5,2012-11-16 01:44:13 UTC,2012-11-16 01:44:13 UTC,1,50,30,17,3,2012-11-16 01:44:13 UTC,2012-11-16 01:44:13 UTC,1,35,40,20,5,2012-11-16 01:44:13 UTC,2012-11-16 01:44:13 UTC,3,0,5,50,30,15,2012-11-16 01:44:13 UTC,2012-11-16 01:44:13 UTC,2,25,40,25,5,5,2012-11-16 01:44:13 UTC,2012-11-16 01:44:13 UTC,2,15,35,33,15,2,2012-11-16 01:44:13 UTC,2012-11-16 01:44:13 UTC,3,10,25,30,30,5,2012-11-16 01:44:13 UTC,2012-11-16 01:44:13 UTC,2,15,35,50,0,0,2012-11-16 01:44:13 UTC,2012-11-16 01:44:13 UTC,1,88,8,3,1,2012-11-16 01:44:13 UTC
434,2012-11-15 20:54:19 UTC,1,30,60,7,3,2012-11-15 20:54:19 UTC,2012-11-15 20:54:19 UTC,2,15,40,40,5,2012-11-15 20:54:19 UTC,2012-11-15 20:54:19 UTC,2,15,40,40,5,2012-11-15 20:54:19 UTC,2012-11-15 20:54:19 UTC,1,30,60,8,2,2012-11-15 20:54:19 UTC,2012-11-15 20:54:19 UTC,2,15,30,30,20,5,2012-11-15 20:54:19 UTC,2012-11-15 20:54:19 UTC,1,60,20,20,0,0,2012-11-15 20:54:19 UTC,2012-11-15 20:54:19 UTC,1,20,40,25,15,0,2012-11-15 20:54:19 UTC,2012-11-15 20:54:19 UTC,1,40,30,20,8,2,2012-11-15 20:54:19 UTC,2012-11-15 20:54:19 UTC,1,70,20,10,0,0,2012-11-15 20:54:19 UTC,2012-11-15 20:54:19 UTC,1,90,8,1,1,2012-11-15 20:54:19 UTC
435,2012-11-16 20:08:09 UTC,1,80,20,0,0,2012-11-16 20:08:09 UTC,2012-11-16 20:08:09 UTC,2,10,80,10,0,2012-11-16 20:08:09 UTC,2012-11-16 20:08:09 UTC,2,50,40,10,0,2012-11-16 20:08:09 UTC,2012-11-16 20:08:09 UTC,2,60,30,10,0,2012-11-16 20:08:09 UTC,2012-11-16 20:08:09 UTC,3,10,44,36,10,0,2012-11-16 20:08:09 UTC,2012-11-16 20:08:09 UTC,2,20,54,24,2,0,2012-11-16 20:08:09 UTC,2012-11-16 20:08:09 UTC,3,0,33,34,33,0,2012-11-16 20:08:09 UTC,2012-11-16 20:08:09 UTC,3,0,33,34,33,0,2012-11-16 20:08:09 UTC,2012-11-16 20:08:09 UTC,3,44,36,20,0,0,2012-11-16 20:08:09 UTC,2012-11-16 20:08:09 UTC,2,80,15,5,0,2012-11-16 20:08:09 UTC
436,2012-11-15 23:36:52 UTC,2,50,20,20,10,2012-11-15 23:36:52 UTC,2012-11-15 23:36:52 UTC,4,10,20,40,30,2012-11-15 23:36:52 UTC,2012-11-15 23:36:52 UTC,2,30,30,30,10,2012-11-15 23:36:52 UTC,2012-11-15 23:36:52 UTC,3,30,30,30,10,2012-11-15 23:36:52 UTC,2012-11-15 23:36:52 UTC,,,,,,,2012-11-15 23:36:52 UTC,2012-11-15 23:36:52 UTC,2,20,30,30,15,5,2012-11-15 23:36:52 UTC,2012-11-15 23:36:52 UTC,1,70,20,10,0,0,2012-11-15 23:36:52 UTC,2012-11-15 23:36:52 UTC,2,20,40,30,10,0,2012-11-15 23:36:52 UTC,2012-11-15 23:36:52 UTC,2,20,30,40,10,0,2012-11-15 23:36:52 UTC,2012-11-15 23:36:52 UTC,2,40,40,10,10,2012-11-15 23:36:52 UTC
445,2013-01-10 18:01:04 UTC,1,50,35,10,5,2013-01-10 18:01:04 UTC,2013-01-10 18:01:04 UTC,3,13,42,32,13,2013-01-10 18:01:04 UTC,2013-01-10 18:01:04 UTC,1,27,49,14,10,2013-01-10 18:01:04 UTC,2013-01-10 18:01:04 UTC,1,52,38,8,2,2013-01-10 18:01:04 UTC,2013-01-10 18:01:04 UTC,2,10,37,37,12,4,2013-01-10 18:01:04 UTC,2013-01-10 18:01:04 UTC,2,20,50,20,10,0,2013-01-10 18:01:04 UTC,2013-01-10 18:01:04 UTC,2,25,50,15,8,2,2013-01-10 18:01:04 UTC,2013-01-10 18:01:04 UTC,2,35,50,15,0,0,2013-01-10 18:01:04 UTC,2013-01-10 18:01:04 UTC,3,25,35,40,0,0,2013-01-10 18:01:04 UTC,2013-01-10 18:01:04 UTC,1,50,38,7,5,2013-01-10 18:01:04 UTC
449,2013-02-17 16:41:37 UTC,1,80,18,2,0,2013-02-17 16:41:37 UTC,2013-02-17 16:41:37 UTC,1,70,25,5,0,2013-02-17 16:41:37 UTC,2013-02-17 16:41:37 UTC,1,98,2,0,0,2013-02-17 16:41:37 UTC,2013-02-17 16:41:37 UTC,1,98,2,0,0,2013-02-17 16:41:37 UTC,2013-02-17 16:41:37 UTC,2,10,60,30,0,0,2013-02-17 16:41:37 UTC,2013-02-17 16:41:37 UTC,2,15,70,15,0,0,2013-02-17 16:41:37 UTC,2013-02-17 16:41:37 UTC,3,10,40,30,20,0,2013-02-17 16:41:37 UTC,2013-02-17 16:41:37 UTC,1,60,40,0,0,0,2013-02-17 16:41:37 UTC,2013-02-17 16:41:37 UTC,1,90,10,0,0,0,2013-02-17 16:41:37 UTC,2013-02-17 16:41:37 UTC,1,98,2,0,0,2013-02-17 16:41:37 UTC
450,2013-02-17 16:55:20 UTC,1,60,30,10,0,2013-02-17 16:55:20 UTC,2013-02-17 16:55:20 UTC,2,20,40,30,10,2013-02-17 16:55:20 UTC,2013-02-17 16:55:20 UTC,1,40,35,20,5,2013-02-17 16:55:20 UTC,2013-02-17 16:55:20 UTC,1,85,10,4,1,2013-02-17 16:55:20 UTC,2013-02-17 16:55:20 UTC,3,20,30,20,18,12,2013-02-17 16:55:20 UTC,2013-02-17 16:55:20 UTC,3,25,30,20,15,10,2013-02-17 16:55:20 UTC,2013-02-17 16:55:20 UTC,1,30,50,15,5,0,2013-02-17 16:55:20 UTC,2013-02-17 16:55:20 UTC,1,55,33,10,2,0,2013-02-17 16:55:20 UTC,2013-02-17 16:55:20 UTC,1,65,25,8,2,0,2013-02-17 16:55:20 UTC,2013-02-17 16:55:20 UTC,1,90,8,2,0,2013-02-17 16:55:20 UTC
453,2013-02-23 23:28:03 UTC,,25,50,25,0,2013-02-23 23:28:03 UTC,2013-02-23 23:28:03 UTC,2,25,50,25,0,2013-02-23 23:28:03 UTC,2013-02-23 23:28:03 UTC,2,25,50,25,0,2013-02-23 23:28:03 UTC,2013-02-23 23:28:03 UTC,1,50,25,25,0,2013-02-23 23:28:03 UTC,2013-02-23 23:28:03 UTC,2,25,25,25,25,0,2013-02-23 23:28:03 UTC,2013-02-23 23:28:03 UTC,2,25,25,25,25,0,2013-02-23 23:28:03 UTC,2013-02-23 23:28:03 UTC,3,0,25,50,25,0,2013-02-23 23:28:03 UTC,2013-02-23 23:28:03 UTC,2,25,25,25,25,0,2013-02-23 23:28:03 UTC,2013-02-23 23:28:03 UTC,2,25,50,25,0,0,2013-02-23 23:28:03 UTC,2013-02-23 23:28:03 UTC,1,75,25,0,0,2013-02-23 23:28:03 UTC
455,2013-03-04 17:15:26 UTC,1,89,8,3,0,2013-03-04 17:15:26 UTC,2013-03-04 17:15:26 UTC,1,20,55,25,0,2013-03-04 17:15:26 UTC,2013-03-04 17:15:26 UTC,1,32,45,14,9,2013-03-04 17:15:26 UTC,2013-03-04 17:15:26 UTC,1,78,22,0,0,2013-03-04 17:15:26 UTC,2013-03-04 17:15:26 UTC,2,10,20,40,20,10,2013-03-04 17:15:26 UTC,2013-03-04 17:15:26 UTC,1,25,35,20,10,10,2013-03-04 17:15:26 UTC,2013-03-04 17:15:26 UTC,1,28,30,25,17,0,2013-03-04 17:15:26 UTC,2013-03-04 17:15:26 UTC,1,60,30,10,0,0,2013-03-04 17:15:26 UTC,2013-03-04 17:15:26 UTC,1,65,30,5,0,0,2013-03-04 17:15:26 UTC,2013-03-04 17:15:26 UTC,1,88,10,2,0,2013-03-04 17:15:26 UTC
456,2013-03-04 18:51:51 UTC,1,70,10,10,10,2013-03-04 18:51:51 UTC,2013-03-04 18:51:51 UTC,2,,,,,2013-03-04 18:51:51 UTC,2013-03-04 18:51:51 UTC,1,,,,,2013-03-04 18:51:51 UTC,2013-03-04 18:51:51 UTC,1,,,,,2013-03-04 18:51:51 UTC,2013-03-04 18:51:51 UTC,2,,,,,,2013-03-04 18:51:51 UTC,2013-03-04 18:51:51 UTC,2,,,,,,2013-03-04 18:51:51 UTC,2013-03-04 18:51:51 UTC,2,,,,,,2013-03-04 18:51:51 UTC,2013-03-04 18:51:51 UTC,1,,,,,,2013-03-04 18:51:51 UTC,2013-03-04 18:51:51 UTC,2,,,,,,2013-03-04 18:51:51 UTC,2013-03-04 18:51:51 UTC,1,,,,,2013-03-04 18:51:51 UTC
457,2013-03-04 18:35:10 UTC,2,20,40,30,10,2013-03-04 18:35:10 UTC,2013-03-04 18:35:10 UTC,3,10,30,40,20,2013-03-04 18:35:10 UTC,2013-03-04 18:35:10 UTC,2,15,40,35,10,2013-03-04 18:35:10 UTC,2013-03-04 18:35:10 UTC,2,10,50,30,10,2013-03-04 18:35:10 UTC,2013-03-04 18:35:10 UTC,2,5,40,30,20,5,2013-03-04 18:35:10 UTC,2013-03-04 18:35:10 UTC,1,10,45,30,10,5,2013-03-04 18:35:10 UTC,2013-03-04 18:35:10 UTC,2,10,40,30,15,5,2013-03-04 18:35:10 UTC,2013-03-04 18:35:10 UTC,1,15,35,35,10,5,2013-03-04 18:35:10 UTC,2013-03-04 18:35:10 UTC,2,10,40,35,10,5,2013-03-04 18:35:10 UTC,2013-03-04 18:35:10 UTC,1,85,10,5,0,2013-03-04 18:35:10 UTC
458,2013-03-04 20:41:10 UTC,2,15,35,35,15,2013-03-04 20:41:10 UTC,2013-03-04 20:41:10 UTC,3,10,30,40,20,2013-03-04 20:41:10 UTC,2013-03-04 20:41:10 UTC,3,10,30,40,20,2013-03-04 20:41:10 UTC,2013-03-04 20:41:10 UTC,2,15,35,35,15,2013-03-04 20:41:10 UTC,2013-03-04 20:41:10 UTC,2,5,30,40,20,5,2013-03-04 20:41:10 UTC,2013-03-04 20:41:10 UTC,2,5,25,35,30,5,2013-03-04 20:41:10 UTC,2013-03-04 20:41:10 UTC,2,20,30,30,15,5,2013-03-04 20:41:10 UTC,2013-03-04 20:41:10 UTC,2,10,40,30,15,5,2013-03-04 20:41:10 UTC,2013-03-04 20:41:10 UTC,3,10,30,40,15,5,2013-03-04 20:41:10 UTC,2013-03-04 20:41:10 UTC,1,50,30,19,1,2013-03-04 20:41:10 UTC
461,2013-03-11 23:09:40 UTC,1,47,41,10,2,2013-03-11 23:09:40 UTC,2013-03-11 23:09:40 UTC,2,15,40,35,10,2013-03-11 23:09:40 UTC,2013-03-11 23:09:40 UTC,2,15,42,33,10,2013-03-11 23:09:40 UTC,2013-03-11 23:09:40 UTC,1,45,33,16,6,2013-03-11 23:09:40 UTC,2013-03-11 23:09:40 UTC,4,5,18,40,30,7,2013-03-11 23:09:40 UTC,2013-03-11 23:09:40 UTC,3,10,20,35,20,15,2013-03-11 23:09:40 UTC,2013-03-11 23:09:40 UTC,3,2,20,56,20,2,2013-03-11 23:09:40 UTC,2013-03-11 23:09:40 UTC,2,18,40,27,10,5,2013-03-11 23:09:40 UTC,2013-03-11 23:09:40 UTC,2,25,50,15,8,2,2013-03-11 23:09:40 UTC,2013-03-11 23:09:40 UTC,1,72,21,5,2,2013-03-11 23:09:40 UTC
462,2013-03-05 20:51:58 UTC,1,,,,,2013-03-05 20:51:58 UTC,2013-03-05 20:51:58 UTC,2,,,,,2013-03-05 20:51:58 UTC,2013-03-05 20:51:58 UTC,1,,,,,2013-03-05 20:51:58 UTC,2013-03-05 20:51:58 UTC,2,,,,,2013-03-05 20:51:58 UTC,2013-03-05 20:51:58 UTC,2,,,,,,2013-03-05 20:51:58 UTC,2013-03-05 20:51:58 UTC,1,,,,,,2013-03-05 20:51:58 UTC,2013-03-05 20:51:58 UTC,1,,,,,,2013-03-05 20:51:58 UTC,2013-03-05 20:51:58 UTC,2,,,,,,2013-03-05 20:51:58 UTC,2013-03-05 20:51:58 UTC,1,,,,,,2013-03-05 20:51:58 UTC,2013-03-05 20:51:58 UTC,1,,,,,2013-03-05 20:51:58 UTC
464,2013-03-05 17:51:11 UTC,4,10,60,20,10,2013-03-05 17:51:11 UTC,2013-03-05 17:51:11 UTC,4,20,60,10,10,2013-03-05 17:51:11 UTC,2013-03-05 17:51:11 UTC,2,20,40,20,20,2013-03-05 17:51:11 UTC,2013-03-05 17:51:11 UTC,2,10,70,10,10,2013-03-05 17:51:11 UTC,2013-03-05 17:51:11 UTC,3,10,40,40,9,1,2013-03-05 17:51:11 UTC,2013-03-05 17:51:11 UTC,2,10,66,20,3,1,2013-03-05 17:51:11 UTC,2013-03-05 17:51:10 UTC,3,20,20,20,20,20,2013-03-05 17:51:10 UTC,2013-03-05 17:51:10 UTC,2,10,50,30,8,2,2013-03-05 17:51:10 UTC,2013-03-05 17:51:11 UTC,3,10,40,47,2,1,2013-03-05 17:51:11 UTC,2013-03-05 17:51:11 UTC,2,40,50,8,2,2013-03-05 17:51:11 UTC
466,2013-03-05 19:57:30 UTC,3,50,30,15,5,2013-03-05 19:57:30 UTC,2013-03-05 19:57:30 UTC,4,50,30,15,5,2013-03-05 19:57:30 UTC,2013-03-05 19:57:30 UTC,2,50,40,7,3,2013-03-05 19:57:30 UTC,2013-03-05 19:57:30 UTC,4,75,15,7,3,2013-03-05 19:57:30 UTC,2013-03-05 19:57:30 UTC,4,40,40,10,5,5,2013-03-05 19:57:30 UTC,2013-03-05 19:57:30 UTC,3,10,50,20,15,5,2013-03-05 19:57:30 UTC,2013-03-05 19:57:30 UTC,4,10,25,35,20,10,2013-03-05 19:57:30 UTC,2013-03-05 19:57:30 UTC,3,10,50,30,5,5,2013-03-05 19:57:30 UTC,2013-03-05 19:57:30 UTC,3,10,50,25,10,5,2013-03-05 19:57:30 UTC,2013-03-05 19:57:30 UTC,3,50,35,10,5,2013-03-05 19:57:30 UTC
467,2013-03-05 21:21:38 UTC,1,50,40,8,2,2013-03-05 21:21:38 UTC,2013-03-05 21:21:38 UTC,2,30,50,10,10,2013-03-05 21:21:38 UTC,2013-03-05 21:21:38 UTC,1,50,40,8,2,2013-03-05 21:21:38 UTC,2013-03-05 21:21:38 UTC,1,70,20,8,2,2013-03-05 21:21:38 UTC,2013-03-05 21:21:38 UTC,3,10,20,40,20,10,2013-03-05 21:21:38 UTC,2013-03-05 21:21:38 UTC,1,50,30,10,5,5,2013-03-05 21:21:38 UTC,2013-03-05 21:21:38 UTC,3,10,20,40,20,10,2013-03-05 21:21:38 UTC,2013-03-05 21:21:38 UTC,2,20,40,20,10,10,2013-03-05 21:21:38 UTC,2013-03-05 21:21:38 UTC,2,20,40,30,10,0,2013-03-05 21:21:38 UTC,2013-03-05 21:21:38 UTC,1,70,20,8,2,2013-03-05 21:21:38 UTC
469,2013-06-26 15:54:15 UTC,2,65,35,0,0,2013-06-26 15:54:15 UTC,2013-06-26 15:54:15 UTC,2,25,65,5,5,2013-06-26 15:54:15 UTC,2013-06-26 15:54:15 UTC,1,35,65,0,0,2013-06-26 15:54:15 UTC,2013-06-26 15:54:15 UTC,1,45,50,5,0,2013-06-26 15:54:15 UTC,2013-06-26 15:54:15 UTC,2,20,60,15,5,0,2013-06-26 15:54:15 UTC,2013-06-26 15:54:15 UTC,1,35,65,0,0,0,2013-06-26 15:54:15 UTC,2013-06-26 15:54:15 UTC,2,35,55,5,5,0,2013-06-26 15:54:15 UTC,2013-06-26 15:54:15 UTC,2,30,65,5,0,0,2013-06-26 15:54:15 UTC,2013-06-26 15:54:15 UTC,2,35,55,10,0,0,2013-06-26 15:54:15 UTC,2013-06-26 15:54:15 UTC,1,80,20,0,0,2013-06-26 15:54:15 UTC
470,2013-03-09 22:07:28 UTC,1,80,15,5,0,2013-03-09 22:07:28 UTC,2013-03-09 22:07:28 UTC,2,20,60,15,5,2013-03-09 22:07:28 UTC,2013-03-09 22:07:28 UTC,1,75,20,5,0,2013-03-09 22:07:28 UTC,2013-03-09 22:07:28 UTC,1,85,12,2,1,2013-03-09 22:07:28 UTC,2013-03-09 22:07:28 UTC,2,20,60,13,4,3,2013-03-09 22:07:28 UTC,2013-03-09 22:07:28 UTC,1,85,15,0,0,0,2013-03-09 22:07:28 UTC,2013-03-09 22:07:28 UTC,1,40,30,20,5,5,2013-03-09 22:07:28 UTC,2013-03-09 22:07:28 UTC,3,10,15,60,12,3,2013-03-09 22:07:28 UTC,2013-03-09 22:07:28 UTC,1,60,30,8,2,0,2013-03-09 22:07:28 UTC,2013-03-09 22:07:28 UTC,1,80,20,0,0,2013-03-09 22:07:28 UTC
472,2013-03-11 22:05:34 UTC,1,35,45,15,5,2013-03-11 22:05:34 UTC,2013-03-11 22:05:34 UTC,4,5,10,25,60,2013-03-11 22:05:34 UTC,2013-03-11 22:05:34 UTC,4,5,10,25,60,2013-03-11 22:05:34 UTC,2013-03-11 22:05:34 UTC,3,15,35,35,15,2013-03-11 22:05:34 UTC,2013-03-11 22:05:35 UTC,3,5,20,50,20,5,2013-03-11 22:05:35 UTC,2013-03-11 22:05:35 UTC,3,5,20,50,20,5,2013-03-11 22:05:35 UTC,2013-03-11 22:05:34 UTC,3,5,20,50,20,5,2013-03-11 22:05:34 UTC,2013-03-11 22:05:34 UTC,2,20,40,25,10,5,2013-03-11 22:05:34 UTC,2013-03-11 22:05:34 UTC,3,35,30,25,5,5,2013-03-11 22:05:34 UTC,2013-03-11 22:05:34 UTC,1,55,30,10,5,2013-03-11 22:05:34 UTC
480,2013-05-06 14:11:05 UTC,1,17,34,33,16,2013-05-06 14:11:05 UTC,2013-05-06 14:11:05 UTC,2,17,34,33,16,2013-05-06 14:11:05 UTC,2013-05-06 14:11:05 UTC,1,17,34,33,16,2013-05-06 14:11:05 UTC,2013-05-06 14:11:05 UTC,2,17,34,33,16,2013-05-06 14:11:05 UTC,2013-05-06 14:11:05 UTC,2,15,50,20,10,5,2013-05-06 14:11:05 UTC,2013-05-06 14:11:05 UTC,1,50,25,18,5,2,2013-05-06 14:11:05 UTC,2013-05-06 14:11:05 UTC,2,18,50,18,10,4,2013-05-06 14:11:05 UTC,2013-05-06 14:11:05 UTC,2,18,50,18,10,4,2013-05-06 14:11:05 UTC,2013-05-06 14:11:05 UTC,2,18,50,18,10,4,2013-05-06 14:11:05 UTC,2013-05-06 14:11:05 UTC,1,60,25,10,5,2013-05-06 14:11:05 UTC
483,2013-05-31 08:47:31 UTC,1,90,5,5,0,2013-05-31 08:47:31 UTC,2013-05-31 08:47:31 UTC,3,0,50,50,0,2013-05-31 08:47:31 UTC,2013-05-31 08:47:31 UTC,3,0,50,50,0,2013-05-31 08:47:31 UTC,2013-05-31 08:47:31 UTC,2,0,50,50,0,2013-05-31 08:47:31 UTC,2013-05-31 08:47:31 UTC,3,10,20,40,20,10,2013-05-31 08:47:31 UTC,2013-05-31 08:47:31 UTC,2,25,40,25,9,1,2013-05-31 08:47:31 UTC,2013-05-31 08:47:31 UTC,3,20,20,20,20,20,2013-05-31 08:47:31 UTC,2013-05-31 08:47:31 UTC,1,30,30,20,10,10,2013-05-31 08:47:31 UTC,2013-05-31 08:47:31 UTC,3,20,20,20,20,20,2013-05-31 08:47:31 UTC,2013-05-31 08:47:31 UTC,1,95,4,1,0,2013-05-31 08:47:31 UTC
485,2013-06-14 14:56:20 UTC,1,60,23,15,2,2013-06-14 14:56:20 UTC,2013-06-14 14:56:20 UTC,2,20,35,25,20,2013-06-14 14:56:20 UTC,2013-06-14 14:56:20 UTC,2,25,40,20,15,2013-06-14 14:56:20 UTC,2013-06-14 14:56:21 UTC,3,15,30,40,15,2013-06-14 14:56:21 UTC,2013-06-14 14:56:21 UTC,3,10,20,40,20,10,2013-06-14 14:56:21 UTC,2013-06-14 14:56:21 UTC,2,10,40,20,20,10,2013-06-14 14:56:21 UTC,2013-06-14 14:56:20 UTC,2,10,30,30,20,10,2013-06-14 14:56:20 UTC,2013-06-14 14:56:20 UTC,3,10,30,30,20,10,2013-06-14 14:56:20 UTC,2013-06-14 14:56:20 UTC,2,20,30,30,15,5,2013-06-14 14:56:20 UTC,2013-06-14 14:56:20 UTC,1,80,15,4,1,2013-06-14 14:56:20 UTC
